id,domain,status,purchase_price,renewal_price,attractiveness,demand,length,registrar,created_at,expires_at
3d8f88dc-c66b-481c-9ddd-e698be7d61de,health.kim,premium,,,92,45,6,,,
720bcc1e-6570-42bd-8e38-696bb593fd2b,health.poker,available,85.98,,92,45,6,namecheap,,
a622b67c-cb23-4a91-ab8f-679bc48b6848,health.fast,resell,,,92,44,6,"Spaceship, Inc.",06/10/2025 21:42,06/10/2026 21:42
d13c43ad-96cf-4dbc-bbbc-5b058b384e2d,health.ac,resell,,,92,43,6,"GoDaddy.com, LLC",25/06/2019 02:43,25/06/2027 02:43
ef85acc2-652a-404a-aeef-43e802aea447,health.accountant,premium,455,65,92,43,6,namecheap,,
1c1897b7-cd19-4229-bc7b-00cd33b36ba1,health.accountants,available,145.98,,92,43,6,namecheap,,
b93778ef-3e84-4db2-b25a-f6c66abadeb3,health.agency,resell,,,92,43,6,Porkbun LLC,24/06/2025 19:51,24/06/2026 19:51
8632e708-81e3-49b5-98e9-cfdb1b18f873,health.airforce,premium,128.7,128.7,92,43,6,namecheap,,
44e459ec-316c-4164-a0e6-4b76cc83e746,health.apartments,resell,,,92,43,6,"Sav.com, LLC - 14",16/12/2025 15:15,16/12/2026 15:15
b0a4b893-0546-4bd2-85c2-4c0aa58450d2,health.app,resell,,,92,43,6,"GoDaddy.com, LLC",13/08/2019 16:55,13/08/2027 16:55
f28b1f5b-6eea-4f67-a241-bebfc5d8e0ef,health.archi,available,132.98,,92,43,6,namecheap,,
25e1bda6-dde1-4748-adec-5479d3db20b9,health.army,premium,260,260,92,43,6,namecheap,,
b884b9b6-4501-4f20-850f-d73c5bad8fde,health.attorney,premium,1300,1300,92,43,6,namecheap,,
93caf68b-411d-48ef-b3b6-867c2420e702,health.auction,premium,1300,1300,92,43,6,namecheap,,
ccafa5c4-89cd-41fb-b742-fb13b5dacf9c,health.audio,available,159.98,,92,43,6,namecheap,,
87159107-a2a2-4ec8-8f1e-2dd806782dec,health.auto,available,2950,,92,43,6,namecheap,,
1bea89a8-3945-48c6-9b79-4e987b5f640f,health.autos,premium,2600,2600,92,43,6,namecheap,,
02f6b4c5-8725-4de3-935b-5ac5f99b0831,health.baby,premium,3250,65,92,43,6,namecheap,,
360dcaa5-d6ce-48a4-bc58-7679b4e59371,health.bargains,premium,260,260,92,43,6,namecheap,,
012b707d-b5e9-44b8-9aaf-8921293c17a3,health.bayern,premium,,,92,43,6,,,
c92de11d-fcba-41a9-bf35-a24215fb96ad,health.beauty,premium,2600,2600,92,43,6,namecheap,,
b0f9cd2b-746d-47af-881d-729081fe485b,health.beer,resell,,,92,43,6,Alibaba Cloud Computing Ltd. d/b/a HiChina (www.net.cn),10/09/2018 12:46,10/09/2026 12:46
430888b5-974a-4022-8a64-d1957600cd90,health.berlin,premium,1297.4,1297.4,92,43,6,namecheap,,
1d261b06-faad-4641-bef9-69e3c0b7668e,health.best,resell,,,92,43,6,"Spaceship, Inc.",25/02/2020 15:46,25/02/2027 23:59
e3a5a9ae-ec1b-4d7d-8d62-7a0916d6bf04,health.bid,resell,,,92,43,6,Porkbun,26/07/2019 14:17,26/07/2026 14:17
544113e2-ee2b-468e-b8ef-c8a02b74ef19,health.bike,resell,,,92,43,6,Edomains LLC,01/02/2017 16:55,01/02/2027 16:55
ade639f5-d7e8-4284-9350-2be9a5fd1cee,health.bingo,resell,,,92,43,6,"Sav.com, LLC - 18",07/12/2025 15:15,07/12/2026 15:15
6595419d-921e-4cca-b991-2ce9a35ff1ae,health.bio,premium,1950,1950,92,43,6,namecheap,,
00ad67ee-427c-4dde-b8ad-f8f0edbba21c,health.blackfriday,available,134.98,,92,43,6,namecheap,,
796b2efd-0988-413a-95a0-754336f7e92f,health.blue,resell,,,92,43,6,"Spaceship, Inc.",14/03/2019 10:12,14/03/2027 10:12
9989fdef-0e2b-403f-a29b-506d5fa67c39,health.boats,premium,2600,2600,92,43,6,namecheap,,
49062b39-3149-4ae4-b1cd-2ac245134834,health.boo,premium,1298.7,1298.7,92,43,6,namecheap,,
17eb07e4-21a4-4523-97f5-82f88b889ec7,health.bot,premium,6500,6500,92,43,6,namecheap,,
d4c023f7-db69-43df-b0cb-0ba159022626,health.boutique,resell,,,92,43,6,"Spaceship, Inc.",23/12/2024 15:15,23/12/2026 15:15
33ed8fd4-060a-46a2-bd19-dc64ff3dafb2,health.builders,resell,,,92,43,6,"Spaceship, Inc.",26/03/2014 16:00,26/03/2027 16:00
718c17e4-f27b-46f2-a520-61714e600811,health.bz,resell,,,92,43,6,"GoDaddy.com, LLC",12/09/2022 01:08,12/09/2026 01:08
52418c15-f988-4a18-8920-62b9ea3217c8,health.cab,resell,,,92,43,6,"Chengdu West Dimension Digital Technology Co., Ltd.",02/03/2017 23:29,02/03/2028 23:29
f3240a5b-a797-4aae-a6a4-5a4d1ea1f2a8,health.cafe,resell,,,92,43,6,"Chengdu West Dimension Digital Technology Co., Ltd.",18/12/2019 07:40,18/12/2026 07:40
9cdfe1f7-eaba-4460-a23b-eec5eb9d6147,health.camp,premium,1040,1040,92,43,6,namecheap,,
1fffb9f9-56be-4a00-b58c-fd878041d371,health.capital,resell,,,92,43,6,Dynadot Inc,02/09/2015 16:00,02/09/2026 16:00
e0f5934a-6898-47ba-b4d3-198a05c34cfb,health.car,available,2400,,92,43,6,namecheap,,
c62a6b2f-8881-46f5-9a40-570ff0d08011,health.cars,available,2950,,92,43,6,namecheap,,
9d556f20-4c5e-46c6-94e0-e0dc896ddb9e,health.catering,premium,128.7,128.7,92,43,6,namecheap,,
77f0ec34-2ba5-4382-b60c-8ce6544d06c5,health.cc,resell,,,92,43,6,Dynadot Inc,09/11/1997 05:00,09/11/2029 05:00
0b39c07a-8544-46c4-8072-37c7156f1348,health.ceo,resell,,,92,43,6,Dynadot LLC,03/11/2025 20:07,03/11/2026 23:59
90711469-a70e-49ec-973e-f8acf6079cb8,health.cfd,premium,83.85,335.4,92,43,6,namecheap,,
bbad20a6-cce6-47ba-bdce-03a776ed937f,health.channel,premium,1248.75,,92,43,6,name.com,,
3ece6f73-3f6f-4876-ab53-02f08da6acf8,health.charity,premium,260,260,92,43,6,namecheap,,
bc46ff2b-9346-4d7b-a313-1e1492fa3395,health.christmas,premium,2600,2600,92,43,6,namecheap,,
a9997889-35a0-4dfa-937a-546b0ca418cf,health.church,resell,,,92,43,6,"GoDaddy.com, LLC",16/02/2024 09:12,16/02/2027 09:12
0558eaa4-56a7-448f-93ef-35d04341a55c,health.claims,premium,520,520,92,43,6,namecheap,,
0ad8df86-09c4-4389-82fb-6b3d9852c0c3,health.cleaning,premium,128.7,128.7,92,43,6,namecheap,,
294d81f3-b5fd-4aa7-8150-b9d0ca6c62f7,health.click,resell,,,92,43,6,Porkbun LLC,05/07/2020 11:08,05/07/2026 11:08
957ab20b-62b6-46b5-95cb-c6d0f93790ad,health.clinic,resell,,,92,43,6,"NameSilo, LLC",07/11/2017 23:24,07/11/2026 23:24
8ec86e52-f9ba-4456-90ac-ff7b2dc37236,health.cloud,premium,6250,6250,92,43,6,name.com,,
4261e8ff-a2c4-4545-b2ad-e1e75ad48464,health.club,resell,,,92,43,6,"GoDaddy.com, LLC",15/10/2015 10:57,14/10/2026 23:59
2e75f965-f11f-4d1c-901b-cd8186492ceb,health.coffee,resell,,,92,43,6,Porkbun LLC,25/06/2023 15:15,25/06/2026 15:15
bed18929-b0df-4cab-a792-31f2cd5893ad,health.college,premium,13000,13000,92,43,6,namecheap,,
d4c52194-3dfb-46c7-826d-772d11ac8cf5,health.computer,resell,,,92,43,6,Dynadot Inc,08/02/2026 17:00,08/02/2027 17:00
dd123b09-215c-4db4-9dd2-57cebac45896,health.condos,premium,128.7,128.7,92,43,6,namecheap,,
992ebe50-1546-4b65-9c8d-648c2e280470,health.construction,resell,,,92,43,6,"Sav.com, LLC - 7",15/12/2025 15:15,15/12/2026 15:15
5eea7f01-f512-4892-aa21-4234f3135250,health.contact,resell,,,92,43,6,Porkbun LLC,06/12/2020 16:00,06/12/2026 16:00
1fd33786-ca54-4d07-bad8-2db628d6ec41,health.contractors,premium,128.7,128.7,92,43,6,namecheap,,
839264f8-bfea-4a3b-be88-557f86cba7ca,health.cooking,premium,260,31.2,92,43,6,namecheap,,
33f97ebe-7756-4d82-9591-8cba673c22dc,health.country,available,2450,,92,43,6,namecheap,,
3fdc7d90-42db-40d1-8dfb-39cc839c47a0,health.coupons,premium,1040,1040,92,43,6,namecheap,,
1d74b184-8df6-4d23-a8f6-162007641848,health.creditcard,premium,260,260,92,43,6,namecheap,,
c27415c7-51fc-4913-b4fa-caa643db81dd,health.cruises,premium,260,260,92,43,6,namecheap,,
0ced09e8-281d-42a6-9aeb-63c8cc675bde,health.cx,resell,,,92,43,6,West263 International Limited,05/04/2023 04:25,05/04/2027 04:25
54c3792e-8699-4d84-8d95-35f8f9f5a823,health.dad,premium,1298.7,1298.7,92,43,6,namecheap,,
330dd6a2-46a5-42a7-991f-6e1ab775ecc0,health.dance,premium,128.7,128.7,92,43,6,namecheap,,
5ad93cba-adfb-4c3e-ad55-d3ab7da08f58,health.date,premium,390,65,92,43,6,namecheap,,
773a2814-de91-4fe6-9ed2-32b1acab0c13,health.dating,available,86.98,,92,43,6,namecheap,,
43e46faa-b827-414e-9984-675b036e348f,health.deal,premium,650,650,92,43,6,namecheap,,
c42d8dd2-7b52-49ff-860c-0be31bb40990,health.dealer,premium,2015,2600,92,43,6,namecheap,,
1e0e551b-0c90-4b1f-a6e2-f835b19befee,health.degree,premium,260,260,92,43,6,namecheap,,
fe1e3b64-8893-4de6-94de-63c8e58c4bad,health.delivery,resell,,,92,43,6,Porkbun LLC,18/07/2023 15:15,18/07/2026 15:15
bd39dcb1-bc11-4a00-83bd-de273b1161e4,health.democrat,available,41.48,,92,43,6,namecheap,,
8eabf627-24a8-4182-b652-b197c807af36,health.dental,resell,,,92,43,6,"GoDaddy.com, LLC",05/06/2023 05:17,05/06/2026 05:17
c73f012c-2b0a-4762-9d92-cb8fc3250e86,health.dentist,premium,3250,3250,92,43,6,namecheap,,
8623dd8a-729d-4215-940f-c2eee7df3ebe,health.desi,available,22.98,,92,43,6,namecheap,,
2fd973fd-79f6-49d0-ab6f-af964854b2be,health.diamonds,available,72.98,,92,43,6,namecheap,,
201ebdcb-54c2-49b2-a4ab-ddd8ba0b5c85,health.diet,premium,2600,2600,92,43,6,namecheap,,
63e8abce-1a97-4e6b-80e4-f75bc3e64f90,health.directory,resell,,,92,43,6,"Global Domains International, Inc. DBA DomainCostClub.com",16/02/2014 16:00,16/02/2027 16:00
781e1b04-0acc-4fbd-a1e4-0468605ab106,health.discount,premium,,,92,43,6,,,
3444e303-6a54-45ba-b704-359a8cee6228,health.diy,premium,325,650,92,43,6,namecheap,,
eb6e976c-529c-4e65-b9fb-5f580bcdaaab,health.domains,premium,260,260,92,43,6,namecheap,,
c029e976-b12c-4edf-bbe0-ee2d7ba0ef3d,health.download,premium,13000,130,92,43,6,namecheap,,
8e952e1b-2912-483a-8cbf-b1343eba7152,health.earth,resell,,,92,43,6,"GoDaddy.com, LLC",12/11/2019 15:25,12/11/2026 15:25
afaf330a-0eb4-498f-9c64-d5192ebb2131,health.education,resell,,,92,43,6,"Global Domains International, Inc. DBA DomainCostClub.com",15/07/2015 16:00,15/07/2026 16:00
5e3877d6-f4c8-4d37-b319-8e5e60b3843d,health.email,resell,,,92,43,6,"Xiamen ChinaSource Internet Service Co., Ltd",23/09/2024 15:15,23/09/2026 15:15
23d536d4-c645-4b11-8c7e-6b27a329ad35,health.engineer,premium,1300,1300,92,43,6,namecheap,,
fa514066-d140-41b4-93c8-ba9c51327e6b,health.enterprises,resell,,,92,43,6,Porkbun LLC,25/11/2018 19:03,25/11/2026 19:03
26fbac02-11ff-4fef-bfad-7908b71cdf79,health.esq,premium,1688.7,1688.7,92,43,6,namecheap,,
7f142ab8-ccda-46bc-a29f-13189453ee18,health.eu,resell,,,92,43,6,"Name: Spaceship, Inc. Website: https://www.spaceship.com/",,
118f78d7-3c5a-4eec-bb87-6b41b9090a83,health.events,resell,,,92,43,6,"GoDaddy.com, LLC",29/09/2024 01:23,29/09/2026 01:23
d5960061-2c2b-4b83-84b9-dde7b5652fae,health.exposed,premium,260,260,92,43,6,namecheap,,
74cf3f27-a6e4-4a06-93b9-e36dcad472c8,health.fail,premium,128.7,128.7,92,43,6,namecheap,,
749ae055-b8e2-4c69-9df3-24b73211674f,health.faith,premium,1300,130,92,43,6,namecheap,,
1a2e88db-bec3-4444-81cf-9c18e83b6601,health.family,premium,520,520,92,43,6,namecheap,,
a9b15ce2-c420-408c-8c7b-4080784e1c57,health.fan,premium,260,260,92,43,6,namecheap,,
2fa6b74b-aec8-4c4c-b1d6-c0b040a34a63,health.fans,premium,650,650,92,43,6,namecheap,,
ee04f05b-b8a3-4e45-8c6a-3b793bd9d203,health.film,premium,130,130,92,43,6,namecheap,,
e9fffa4a-57d3-4043-a6e4-3c2bcc87015d,health.fish,resell,,,92,43,6,Porkbun LLC,06/03/2026 04:25,06/03/2027 04:25
9f71aa0a-ab0b-4625-b75d-b4ccf20aa8d6,health.fishing,available,43.98,,92,43,6,namecheap,,
8dd33731-5860-4e8b-a82e-049896452b3a,health.flights,premium,85.8,85.8,92,43,6,namecheap,,
bb1ecab9-7de1-4276-97d1-1cb21b6f8e6f,health.florist,available,41.98,,92,43,6,namecheap,,
48a96d86-6d29-48d7-873e-4c435d43c60b,health.flowers,available,159.98,,92,43,6,namecheap,,
1c79a013-a55a-4706-a664-62efbb988a7d,health.foo,premium,1298.7,1298.7,92,43,6,namecheap,,
77f9d4ae-3408-4b23-8cf4-7bc45e6fb898,health.forex,available,19.99,,92,43,6,name.com,,
9837903e-0c68-4cf6-aaa7-37a114e35a72,health.foundation,resell,,,92,43,6,"Spaceship, Inc.",17/02/2018 18:44,17/02/2027 18:44
db8831f8-729d-4ee8-a834-3d09c80db52f,health.free,premium,650,650,92,43,6,namecheap,,
b6f22861-12fc-43a1-b288-01e81547344d,health.furniture,premium,,,92,43,6,,,
ec382696-70e7-4eb2-bb78-385dfd64a2dc,health.futbol,available,21.98,,92,43,6,namecheap,,
efbc6cbf-795b-4380-86d8-030f04866da6,health.fyi,resell,,,92,43,6,"Go Montenegro Domains, LLC",02/09/2015 16:00,02/09/2026 16:00
ac47f6da-38ed-4835-a5df-80e2deb1cbe2,health.gallery,premium,128.7,128.7,92,43,6,namecheap,,
070901db-c655-4ab3-9e01-f542e62fa43a,health.gives,premium,260,260,92,43,6,namecheap,,
29fe3fbd-73be-4994-ab40-8d201126daa3,health.global,resell,,,92,43,6,"Sav.com, LLC - 7",09/11/2024 15:15,09/11/2026 15:15
449207a7-1a75-43d7-bfd0-e958d717d661,health.golf,resell,,,92,43,6,"Sav.com, LLC - 36",12/09/2025 17:00,12/09/2026 17:00
a30d43f4-2ecb-4c77-b893-afeaea2658bc,health.graphics,available,31.98,,92,43,6,namecheap,,
6e1900bb-18a0-40a1-9f3e-4fac5a8ffce9,health.gratis,premium,520,520,92,43,6,namecheap,,
569cf377-5b6e-405b-836b-5915b9bccc38,health.green,premium,650,650,92,43,6,namecheap,,
eae383cb-def7-4efb-92be-92774977299a,health.guitars,available,159.98,,92,43,6,namecheap,,
1b2a6f8f-8af2-446a-84d2-a35e898d151f,health.hair,premium,2600,2600,92,43,6,namecheap,,
41c5c75f-7f0b-4d82-b0cc-fc08785637e6,health.hamburg,available,59.99,,92,43,6,name.com,,
ec504dc5-5e5f-489e-b043-fd33156e861a,health.health,resell,,,92,43,6,DotHealth LLC,30/07/2024 16:09,30/07/2026 16:09
857c860d-279b-4225-b1de-f424a467667d,health.hockey,available,72.98,,92,43,6,namecheap,,
12811cf7-ddef-488d-af02-9af6cb1370e8,health.holdings,resell,,,92,43,6,Porkbun LLC,11/07/2023 15:15,11/07/2026 15:15
358cf3e4-df1a-49ff-b3ef-9078d2aea4d0,health.homes,premium,2600,2600,92,43,6,namecheap,,
60e44bb7-9442-4a9d-ae4d-62ce9033a527,health.horse,resell,,,92,43,6,"Spaceship, Inc.",18/10/2025 00:37,18/10/2026 00:37
cc35f081-b741-4bb3-8b06-6a83925903ab,health.hospital,resell,,,92,43,6,"Sav.com, LLC - 20",20/06/2025 15:15,20/06/2026 15:15
cfac315d-ce6d-47a6-9bee-b7e686d76d86,health.host,premium,325,650,92,43,6,namecheap,,
51b7741d-ccd7-47e9-be29-5560bac37dbf,health.hosting,premium,1690,1690,92,43,6,namecheap,,
d9b68f71-5fac-4b12-b239-f54721e45bb1,health.hot,premium,130,130,92,43,6,namecheap,,
d49fe5b3-9926-4f40-bb4f-546f8644b0fa,health.house,resell,,,92,43,6,"Spaceship, Inc.",08/01/2018 20:33,08/01/2027 20:33
64a14c57-feec-4b3f-af2a-b9ac289bcd9e,health.icu,resell,,,92,43,6,"Spaceship, Inc.",31/05/2018 01:23,31/05/2026 23:59
eb8759f5-92be-4ade-aac9-070a5c27db02,health.immo,available,43.98,,92,43,6,namecheap,,
e4a07ea4-e6a2-4e5b-a66c-6f930e10b112,health.immobilien,available,43.98,,92,43,6,namecheap,,
7c2e7497-3b29-489d-931d-58babff06908,health.industries,premium,520,520,92,43,6,namecheap,,
0e8f1d4d-a588-4e31-a411-b6259408a75c,health.ing,premium,1690,1690,92,43,6,namecheap,,
89ae735c-9b99-43c5-860a-5fb389a2ce69,health.investments,premium,520,520,92,43,6,namecheap,,
c61a4e53-1bfc-40c3-b661-766064db2b66,health.irish,resell,,,92,43,6,"Sav.com, LLC - 12",18/09/2025 15:16,18/09/2026 15:16
70ed58a9-43e3-4639-b331-0cfd8c301ad8,health.jewelry,available,69.98,,92,43,6,namecheap,,
589fc157-cd34-4932-9322-4cd56feb7e5e,health.juegos,available,478.98,,92,43,6,namecheap,,
bcdde617-b634-4cc0-bb3a-763a840fae65,health.kaufen,available,33.58,,92,43,6,namecheap,,
a1733c19-35bd-4379-9d4f-2199ebe9437d,health.lease,premium,128.7,128.7,92,43,6,namecheap,,
886259bb-fa8b-4867-b91d-b85b44b77816,health.lgbt,premium,3900,3900,92,43,6,namecheap,,
193f8aff-3137-4aad-8839-e3e3f40d7659,health.lifestyle,resell,,,92,43,6,GoDaddy,16/11/2025 12:10,16/11/2026 12:10
84724eed-e139-4179-b810-8566de54dbe9,health.limited,resell,,,92,43,6,"Spaceship, Inc.",13/07/2023 15:15,13/07/2026 15:15
252885c5-fa44-44c2-9707-c6db943a51f5,health.limo,available,68.98,,92,43,6,namecheap,,
03363ca8-33e2-45ab-83e4-f52180a80bcb,health.link,resell,,,92,43,6,"Spaceship, Inc.",27/07/2017 02:47,27/07/2026 02:47
32832340-8c93-46d7-a456-235bc20ba70a,health.living,premium,325,650,92,43,6,namecheap,,
e2de2138-b3d5-46ca-bc11-62758485f395,health.loan,premium,6500,130,92,43,6,namecheap,,
e8a98d74-b9f1-475c-8da0-d561d3ff5ffc,health.loans,premium,260,260,92,43,6,namecheap,,
a9cf0882-d495-47f2-b7c5-c7877585dd2b,health.locker,premium,6500,58.5,92,43,6,namecheap,,
30232ce7-8b8a-4963-9307-ed418064828a,health.ltda,premium,66.3,66.3,92,43,6,namecheap,,
b91781a0-9eed-425e-94d1-b2221a582509,health.luxe,premium,,,92,43,6,,,
cc481108-d0d7-45db-8aab-264980aedc7f,health.luxury,premium,2600,2600,92,43,6,namecheap,,
a2c6ccae-45d6-4848-8e5d-7abf0d012d93,health.maison,available,69.98,,92,43,6,namecheap,,
6745bf18-f9a4-4d94-ab88-162dc75127b7,health.makeup,premium,2600,2600,92,43,6,namecheap,,
65c97f91-1994-4b5e-9816-5d8fd7efa64f,health.mba,resell,,,92,43,6,Alibaba Cloud Computing Ltd. d/b/a HiChina (www.net.cn),04/08/2023 15:15,04/08/2026 15:15
81a50238-50bf-4398-9d7c-643c33347bad,health.melbourne,premium,8633.82,8633.82,92,43,6,namecheap,,
0ffc6ec2-cb62-405b-bbd6-fa4681781c82,health.meme,premium,1690,1690,92,43,6,namecheap,,
24041d0f-08ed-4600-aff7-eee84d7280fe,health.memorial,available,64.98,,92,43,6,namecheap,,
15a2a78d-9fef-4515-8443-3b0f96f4e869,health.miami,premium,2600,19.5,92,43,6,namecheap,,
f728f96f-97d4-4508-b984-a86872f94238,health.mobi,resell,,,92,43,6,"Xiamen ChinaSource Internet Service Co., Ltd",15/07/2025 15:15,15/07/2026 15:15
fa4733f3-4bfb-4827-bf6f-c7f50e62cdf3,health.moe,premium,104,15.6,92,43,6,namecheap,,
13a1bb6c-6c88-4ca9-a971-7ec453ba1e09,health.moi,premium,1250,,92,43,6,name.com,,
66b3b679-8dc2-4d9d-93bd-d76c8d989a6d,health.mom,premium,2600,2600,92,43,6,namecheap,,
8a4e1a7a-4514-400e-a1e0-ca756edb7fd0,health.monster,premium,650,15.73,92,43,6,namecheap,,
9a6db310-77fe-4905-a90b-e28227c458af,health.mortgage,premium,260,260,92,43,6,namecheap,,
c3e8c66f-d562-4822-9214-bc9c95960360,health.motorcycles,premium,2600,2600,92,43,6,namecheap,,
3103287e-a8d7-4f7d-83b7-5b8066eb3c22,health.mov,premium,1298.7,1298.7,92,43,6,namecheap,,
7f73a946-8fe1-469a-9f4a-ea990ed0429f,health.navy,premium,260,260,92,43,6,namecheap,,
d403f99b-f177-4b4b-986c-79c678f7eb25,health.one,resell,,,92,43,6,Dynadot Inc,23/04/2025 01:04,23/04/2027 01:04
eb6c7b94-e82e-4814-8f70-75c63aa83508,health.organic,resell,,,92,43,6,Porkbun LLC,13/09/2022 17:43,13/09/2026 17:43
2bd06876-f3db-4cef-a3bd-609b1841026e,health.page,premium,1298.7,1298.7,92,43,6,namecheap,,
ca03b13f-2d43-49bb-a8c5-f1bf13f69fb2,health.paris,premium,413.4,413.4,92,43,6,namecheap,,
0fe7e504-aad0-4b75-8b1a-07f9c830ccd7,health.partners,resell,,,92,43,6,Porkbun LLC,21/06/2015 16:05,21/06/2026 16:05
407011e3-68fd-43bc-b513-a3b7f6e05bef,health.parts,premium,128.7,128.7,92,43,6,namecheap,,
68f06c9f-5d22-4568-84e3-cd893d9c7b0b,health.pet,premium,3250,3250,92,43,6,namecheap,,
e3dd113c-5e93-4a1c-ad8f-aae4c4070f45,health.phd,premium,1688.7,1688.7,92,43,6,namecheap,,
b1e13ff1-53fb-41bc-aa6d-84fc14845b19,health.photo,premium,130,130,92,43,6,namecheap,,
a7b7af93-4a35-4d87-85db-c6f976a8e58d,health.photos,premium,,,92,43,6,,,
17b62eff-ead8-4dd2-ac8b-86293b477602,health.pics,premium,2600,2600,92,43,6,namecheap,,
eba99487-5d2e-49bf-9470-f21d24bf3fbc,health.pictures,resell,,,92,43,6,"Sav.com, LLC - 20",15/12/2025 15:15,15/12/2026 15:15
78d94ec5-5613-4c2f-9af4-073cb2e4c601,health.pink,premium,1300,1300,92,43,6,namecheap,,
2815a960-1a41-420e-8b64-7112d0e28a63,health.place,resell,,,92,43,6,1API GmbH,21/09/2014 16:00,21/09/2026 16:00
d2d41f55-8bdb-407d-b8b6-26a794755b37,health.plumbing,premium,520,520,92,43,6,namecheap,,
6107ee37-a7de-40ac-9622-c811b33b1c08,health.porn,premium,,,92,43,6,,,
531c9ade-bfa8-451a-ab80-b1b469df1c2c,health.press,premium,3250,6500,92,43,6,namecheap,,
d0b962e9-1fcc-4b9d-ac58-7947f9ab0516,health.productions,premium,128.7,128.7,92,43,6,namecheap,,
5fa07516-e5ca-43be-b5df-8b766c48fe83,health.prof,premium,1688.7,1688.7,92,43,6,namecheap,,
fc5cc797-7abc-422f-817a-b2d068280d0a,health.promo,premium,3250,3250,92,43,6,namecheap,,
c1fd15f4-e2b2-405f-928c-ec07b721d634,health.protection,available,2950,,92,43,6,namecheap,,
8644fc57-3c25-48ad-b782-cefd893414e3,health.pub,premium,1950,1950,92,43,6,namecheap,,
98d13e89-2b5f-411f-9a13-bc4392e2567e,health.pw,premium,3250,3250,92,43,6,namecheap,,
850ddbd6-1b1d-4ac0-badc-4bbd2b3f7a33,health.quest,premium,2600,2600,92,43,6,namecheap,,
4df36910-c276-4f4d-8c78-e06e9f36b672,health.racing,premium,130,130,92,43,6,namecheap,,
24fb7825-e6e5-4bac-ada0-1b2e88b3222e,health.red,resell,,,92,43,6,Squarespace Domains II LLC,10/07/2019 10:10,10/07/2028 10:10
cdb0a7a5-62af-4622-a6d8-9671dec46e5a,health.rehab,premium,260,260,92,43,6,namecheap,,
f6ce360f-9304-4557-89a7-24f8a115023d,health.reise,premium,260,260,92,43,6,namecheap,,
67bd25ac-8e85-4147-afaa-79d9d931389a,health.reisen,premium,520,520,92,43,6,namecheap,,
65832ad8-e3cd-4073-8ed5-d849235804c4,health.rent,resell,,,92,43,6,"Go Daddy, LLC",06/12/2020 19:56,06/12/2026 23:59
ad8d3f33-fdec-439f-99de-1e53663ccc0f,health.repair,resell,,,92,43,6,"Spaceship, Inc.",27/08/2021 10:07,27/08/2026 10:07
1823554f-99fa-47a7-9094-40032c7cba90,health.republican,available,43.98,,92,43,6,namecheap,,
0d561d38-d7b7-4b95-a7aa-93ff4562d53c,health.rest,premium,1462.5,2925,92,43,6,namecheap,,
f915adbe-616b-4c47-8f7c-dd6f80253d7d,health.restaurant,premium,128.7,128.7,92,43,6,namecheap,,
530b8287-775d-4e18-89a6-9d18158cfb71,health.review,premium,3250,130,92,43,6,namecheap,,
400a1d0a-a30e-4cbc-ac74-cbbb66394713,health.rsvp,premium,1298.7,1298.7,92,43,6,namecheap,,
2d2166cc-c19d-4b04-9873-ba16d2e4222e,health.sale,premium,1300,1300,92,43,6,namecheap,,
bdeb3757-10bd-4246-bbf1-b4c869d01efd,health.salon,premium,128.7,128.7,92,43,6,namecheap,,
0bd7be2c-d59f-4eca-ad34-2f6dc8f83e27,health.sarl,available,8.98,,92,43,6,namecheap,,
48f53371-6e6b-4c43-98d4-c238b0be9054,health.schule,available,32.98,,92,43,6,namecheap,,
d064770b-3082-45a0-894b-0d9033d3dd62,health.security,available,2950,,92,43,6,namecheap,,
e6cbeb91-05f7-4e3c-9128-63e1c410b803,health.services,resell,,,92,43,6,"Name.com, Inc.",18/07/2024 17:42,18/07/2026 17:42
e6fda05e-8387-4679-a088-de5ea5e25f9f,health.sex,available,154.98,,92,43,6,namecheap,,
42d127d1-3053-46db-afe9-bcbac7c144b0,health.sexy,available,3298,,92,43,6,namecheap,,
b2b31deb-76bf-4542-94bb-e6a562b59b6e,health.shiksha,resell,,,92,43,6,PDR Ltd. d/b/a PublicDomainRegistry.com,08/08/2017 03:26,08/08/2026 03:26
add02dc2-85a5-47a2-9ee6-f39afe82c748,health.shoes,premium,520,520,92,43,6,namecheap,,
45d86824-44a7-49f0-bb91-777cc7f43219,health.shopping,resell,,,92,43,6,"Spaceship, Inc.",20/06/2023 15:15,20/06/2026 15:15
f302b891-6dba-4448-addd-c08fe501d91b,health.singles,resell,,,92,43,6,"NameCheap, Inc.",19/05/2023 07:45,19/05/2026 07:45
749bf534-5af9-4ab8-9cc7-128a77f61ca4,health.site,premium,1562.5,6250,92,43,6,name.com,,
b3054089-9ee4-4242-b0e3-3584cd7a2494,health.ski,premium,135.2,135.2,92,43,6,namecheap,,
984f0561-174c-4dd4-abf5-4a74cfe76a09,health.skin,premium,2600,2600,92,43,6,namecheap,,
6f5b8c08-3c62-4b66-a9cd-4f7b9621827c,health.soccer,available,29.48,,92,43,6,namecheap,,
49fc4e5a-9801-43bd-958c-c145ca5c71aa,health.software,premium,3250,3250,92,43,6,namecheap,,
d5b2f18b-f4ad-41ad-b73b-ec5fe87c9bf5,health.soy,premium,698.1,698.1,92,43,6,namecheap,,
cdd19494-0e15-40ac-adb4-571c8e00912e,health.spot,premium,650,650,92,43,6,namecheap,,
a4b27113-1971-4720-a0c8-dba4f9dbe697,health.srl,premium,,,92,43,6,,,
6fa8d92b-3474-49b1-b89c-6199f7f45b8d,health.storage,available,858,,92,43,6,namecheap,,
140870d6-cecc-4fc4-9389-4c39f6d21bb9,health.stream,resell,,,92,43,6,"NameSilo, LLC",26/07/2019 23:16,26/07/2032 23:16
aea2050f-1b5a-4f38-b5cb-aa927db86ad7,health.studio,premium,,,92,43,6,,,
b41d0c15-30d5-4d79-a869-7e6155395721,health.style,resell,,,92,43,6,"Spaceship, Inc.",01/10/2022 13:15,01/10/2026 13:15
89c6d6a0-b06a-4eb5-a96c-5138eb232d00,health.sucks,premium,2728.7,2728.7,92,43,6,namecheap,,
b0e526e6-3989-4b73-ad76-a55d1d83be22,health.support,resell,,,92,43,6,"Spaceship, Inc.",26/03/2014 16:00,26/03/2027 16:00
477e0b99-d4e5-4f72-a927-b75564acb4b6,health.surgery,premium,260,260,92,43,6,namecheap,,
bda2ab23-c940-40eb-aa47-f1116114f737,health.tattoo,resell,,,92,43,6,"Spaceship, Inc.",26/06/2025 03:36,26/06/2026 03:36
b00b2407-e983-46a5-aa3c-b624f4bc2b23,health.taxi,resell,,,92,43,6,"Sav.com, LLC - 36",26/12/2025 15:15,26/12/2026 15:15
59d9f958-4c44-4766-8a54-1202aa0316b3,health.tennis,available,81.98,,92,43,6,namecheap,,
fcb1965f-5f4f-4d72-9f10-7ce3df1136ce,health.theater,resell,80.98,,92,43,6,"Sav.com, LLC",27/12/2025 12:55,27/12/2026 12:55
7225c1bc-0369-4936-a11b-c9fe379214b3,health.theatre,available,620,,92,43,6,namecheap,,
78159927-5e1f-4d6c-b69f-1c41437cb326,health.tickets,premium,1950,1950,92,43,6,namecheap,,
655dd9b9-8141-4c0e-89c9-533ac77fa27b,health.tienda,available,74.98,,92,43,6,namecheap,,
c430f007-54a0-4c3f-bf07-abb5b2e5803c,health.tires,available,110.98,,92,43,6,namecheap,,
55c8e9f4-bfb2-4c91-a9da-6723b9e4fa8f,health.tools,resell,,,92,43,6,Dynadot Inc,25/10/2021 13:12,25/10/2026 13:12
71ff20b1-1d2e-4ee0-ab80-6da5d5997d8f,health.tours,resell,,,92,43,6,"GoDaddy.com, LLC",24/09/2016 17:45,24/09/2026 17:45
17268df3-d72a-4824-8047-45b3103389d2,health.town,resell,,,92,43,6,Dynadot Inc,23/03/2022 13:15,23/03/2027 13:15
7bb4becf-a05e-4798-989c-e70def4f2fae,health.trade,resell,,,92,43,6,Porkbun,29/07/2019 12:29,29/07/2030 12:29
a16ad055-9033-4086-a618-e0e40fcf7951,health.uno,premium,6500,6500,92,43,6,namecheap,,
acd4a46a-6134-4bae-9e42-12c5fc6fa410,health.vacations,resell,,,92,43,6,"GoDaddy.com, LLC",28/08/2025 03:42,28/08/2026 03:42
67da738a-ac47-4ec6-98cd-7734b5974770,health.vana,available,2498,,92,43,6,namecheap,,
9b419d75-0f89-47ab-b2ce-ee6997f2aa25,health.viajes,available,57.98,,92,43,6,namecheap,,
f39ae48f-6342-4533-8f29-58f7ba718935,health.video,premium,3250,3250,92,43,6,namecheap,,
d5c0504d-ba90-4202-b965-42e81f2b902e,health.villas,premium,520,520,92,43,6,namecheap,,
9f8a54bd-9ee1-4f14-b289-e5e44c56f39d,health.vin,premium,128.7,128.7,92,43,6,namecheap,,
ac88006d-067b-427d-b979-54b715072780,health.vodka,available,38.98,,92,43,6,namecheap,,
a776ef27-e981-4be6-ad9b-e20cbe2c718e,health.voting,available,1448,,92,43,6,namecheap,,
47a0217a-8ad2-49b0-976b-5c3a5bc170ed,health.voto,resell,,,92,43,6,"Sav.com, LLC - 48",24/10/2025 15:15,24/10/2026 15:15
57c881fa-92f1-46d6-a03d-f649f696ccac,health.watch,resell,,,92,43,6,"GoDaddy.com, LLC",21/07/2015 21:06,21/07/2026 21:06
168dafe6-8c1a-452b-beb1-229b84e32598,health.webcam,premium,650,84.5,92,43,6,namecheap,,
55671ec4-f785-40c7-8632-6aa7fad74de4,health.website,premium,1625,3250,92,43,6,namecheap,,
cc70f323-fe73-4ab5-a983-adb88885c351,health.wedding,premium,52,31.2,92,43,6,namecheap,,
668bd9f6-c3cb-43ed-8920-c07a1689edd3,health.wiki,premium,1722.5,1722.5,92,43,6,namecheap,,
65aca995-276e-49f6-907c-7d85c77ada85,health.win,resell,,,92,43,6,"Chengdu West Dimension Digital Technology Co., Ltd.",12/05/2016 03:19,11/05/2027 23:59
1de1ba54-5834-440e-91f6-4c4eeb1ba785,health.wine,premium,85.8,85.8,92,43,6,namecheap,,
b9aa0093-7bc8-4ee5-89a4-22a09d15c2f0,health.works,resell,,,92,43,6,"Spaceship, Inc.",28/10/2022 13:15,28/10/2026 13:15
4af3b1ac-40a8-4926-b4af-ab20c6270ba3,health.world,resell,,,92,43,6,Dynadot Inc,11/01/2015 16:00,11/01/2027 16:00
998548b1-33f6-4dcc-bf15-94ac1e4314e9,health.wtf,resell,,,92,43,6,"Sav.com, LLC - 15",25/12/2025 15:15,25/12/2026 15:15
5b99b806-c9c6-4794-a602-fbf7fb8589c0,health.yachts,premium,2600,2600,92,43,6,namecheap,,
5df935bc-2a4a-4254-b88c-cfcaae9a3d80,health.yoga,resell,,,92,43,6,"GoDaddy.com, LLC",26/08/2020 18:59,26/08/2026 18:59
d8f4fbc3-2d2c-42ed-9bd9-8e44411020de,health.zip,premium,1298.7,1298.7,92,43,6,namecheap,,
eba92e5e-1ec4-43d9-9fb5-392ee6e25f76,health.bar,premium,,,92,36,6,,,
5688b8ba-4c68-4b46-b8a8-9b0e84f8dc8f,health.boston,premium,,,92,36,6,,,
9d33cf53-2023-46c8-9c8d-c481f24de40c,health.build,premium,650,650,92,36,6,namecheap,,
ee6512e4-54a2-49bb-a138-2a936fd5365d,health.ca,resell,,,92,36,6,CanSpace Solutions Inc.,25/09/2000 15:49,24/09/2026 04:00
d0a2bd4e-a87a-4404-9301-405e38da72c9,health.community,resell,,,92,36,6,"Global Domains International, Inc. DBA DomainCostClub.com",05/02/2018 09:03,05/02/2026 09:03
f7377eb1-4509-435f-ae7b-30ef818019b3,health.consulting,premium,,,92,36,6,,,
8dbb1b14-b903-4c08-a0b4-384b7773a076,health.day,premium,,,92,36,6,,,
07bbdfbd-7c1d-440e-8937-9aa1bd8852cb,health.dev,premium,,,92,36,6,,,
87eca04f-46ce-4f0e-a622-e077f065de87,health.dog,premium,,,92,36,6,,,
83b14817-c491-4557-b3e3-99fc5bb3e331,health.forsale,premium,,,92,36,6,,,
df9bf2cd-e838-494a-85e3-5ab8354daa53,health.gay,premium,,,92,36,6,,,
39d5e7a7-674d-4196-9bc8-88bfb6c3c201,health.giving,premium,,,92,36,6,,,
3538ab19-9194-490e-b4bc-55d623ec3ecc,health.glass,premium,520,520,92,36,6,namecheap,,
53f282d6-b51b-4405-885b-2af9fbe0a7ba,health.group,premium,,,92,36,6,,,
4e273a18-e51a-4046-a685-e5ad2a888b2c,health.guide,premium,,,92,36,6,,,
ed5f1392-ffd3-4499-862b-ae6e8efb0758,health.haus,premium,,,92,36,6,,,
a7cda113-41df-42ff-bd57-291727b5ac35,health.hiphop,premium,,,92,36,6,,,
e9c27b16-f2a3-4789-9302-7d589856f301,health.hiv,premium,,,92,36,6,,,
cde99edc-d076-4076-a57c-3940e3a84ecb,health.how,premium,,,92,36,6,,,
0689ad4d-1759-40eb-9273-13b2db962886,health.im,premium,,,92,36,6,,,
b47484f0-01e0-4f0a-95aa-380848aefb38,health.kids,premium,,,92,36,6,,,
5892542f-a505-4a4d-8df9-9de432abcb85,health.media,resell,,,92,36,6,"Global Domains International, Inc. DBA DomainCostClub.com",26/12/2020 08:18,26/12/2026 08:18
a15cd07d-fb3b-44cf-90ca-771fec7c5a1b,health.men,premium,,,92,36,6,,,
ece691a2-2c19-42ce-9d51-5926189ae504,health.menu,premium,,,92,36,6,,,
fbac01ff-6847-464a-b2df-56ecf1ddd187,health.music,premium,,,92,36,6,,,
5f436265-548f-44a7-b879-4aa46d1fd4d6,health.nyc,premium,,,92,36,6,,,
8ea954d2-7903-43bb-bdc5-e4241687c87e,health.osaka,premium,,,92,36,6,,,
0bc6902f-aa29-49f5-b215-884eada25ce3,health.property,premium,,,92,36,6,,,
79e0e18e-558d-4d08-a9f1-524d3e8064e6,health.qpon,premium,,,92,36,6,,,
fea85d6c-268c-44d3-8c27-967cf242e93a,health.reviews,premium,,,92,36,6,,,
92772ca5-3f7c-4fd6-8c09-ab92266f3644,health.sh,resell,,,92,36,6,"Sav.com, LLC",24/05/2022 17:16,24/05/2026 17:16
d8976b94-62eb-4ac8-983b-3355b9b66e26,health.sydney,premium,,,92,36,6,,,
d91d5823-74c4-431b-b7b5-a26f3b8db80a,health.today,premium,,,92,36,6,,,
3bd9815b-50b0-4eb9-ad5e-e9698c477fd2,fitness.computer,premium,85.8,85.8,78,37,7,namecheap,,
3d3f857e-748b-40d3-b5af-acc66e162938,fitness.credit,available,131.98,,78,37,7,namecheap,,
d49d80cf-4869-4801-869c-6956dc0e7c6a,fitness.ac,resell,,,78,36,7,"NameCheap, Inc.",02/03/2026 15:16,02/03/2027 15:16
c38facd4-0555-4d73-b8a9-aa5f51ca50aa,fitness.academy,resell,,,78,36,7,Porkbun LLC,19/09/2015 00:14,19/09/2026 00:14
9e866299-82cc-40ec-adc9-54c93ce2b089,fitness.accountant,premium,650,84.5,78,36,7,namecheap,,
fe9febbd-9b94-44de-acc9-18a13014f45e,fitness.accountants,available,145.98,,78,36,7,namecheap,,
868fcb9a-6bd9-4fd3-9d57-2d1a8a527346,fitness.actor,available,54.98,,78,36,7,namecheap,,
6dce7df6-7229-4a8f-ba28-88f181b62fbb,fitness.adult,premium,322.4,322.4,78,36,7,namecheap,,
8f67a038-9e0a-41ae-a163-834231900cf8,fitness.ag,premium,,,78,36,7,,,
3070cc30-816c-4d8d-96f9-740913b0f159,fitness.ai,resell,,,78,36,7,"Spaceship, Inc.",20/04/2018 16:02,20/04/2028 16:02
73d90de7-3335-498d-a809-1d8c50dc98e7,fitness.airforce,premium,85.8,85.8,78,36,7,namecheap,,
2d3b1757-cde5-476c-a695-3860ce5a82d9,fitness.apartments,available,72.98,,78,36,7,namecheap,,
e1ad6fa6-7f1c-4f6f-a9eb-2b889a03248f,fitness.archi,available,132.98,,78,36,7,namecheap,,
fa8852c9-7e96-4118-bce2-cd882fb04139,fitness.army,premium,128.7,128.7,78,36,7,namecheap,,
c8d022c1-4663-4c37-80b3-b994ecdae80f,fitness.art,premium,3900,91,78,36,7,namecheap,,
08efc2ff-dc76-423b-b873-129301ca2749,fitness.associates,premium,128.7,128.7,78,36,7,namecheap,,
9e8a7d77-fc61-4eaa-b862-ae2f26a77121,fitness.attorney,available,76.98,,78,36,7,namecheap,,
e911104c-b168-4674-8fac-8bfc408fc3ec,fitness.audio,available,159.98,,78,36,7,namecheap,,
1b5084bf-054e-4d71-881d-0dc919d73065,fitness.auto,available,2950,,78,36,7,namecheap,,
f5ca8ab5-488b-4e0b-998c-96ebae94a0fc,fitness.autos,premium,845,15.73,78,36,7,namecheap,,
9bf28c0b-1176-4f45-a7ed-4924d73ddbc3,fitness.baby,resell,,,78,36,7,"Spaceship, Inc.",01/03/2026 21:51,01/03/2027 23:59
94daf64d-a51c-43b9-b5d1-864a2fff6cc1,fitness.band,premium,1300,1300,78,36,7,namecheap,,
b7718c12-f542-495c-a700-8333db764651,fitness.bar,premium,585,1170,78,36,7,namecheap,,
067e7e9d-a4d2-4159-a001-b102b97be861,fitness.barcelona,available,38.98,,78,36,7,namecheap,,
bb47f1ba-1224-44f5-8e2c-38a70108848b,fitness.bargains,premium,128.7,128.7,78,36,7,namecheap,,
ddf0b6ab-5b28-47ad-9c9a-090c077f7b68,fitness.bayern,premium,,,78,36,7,,,
39e9f181-6837-4649-9457-c2251ff849e5,fitness.beauty,premium,845,845,78,36,7,namecheap,,
5899ddb1-ea8d-4e6d-b3bd-ae1a8a481ae7,fitness.berlin,resell,,,78,36,7,,18/03/2014 17:59,18/03/2027 17:59
1492aa8b-7583-4c2a-a930-8c336eb74971,fitness.best,resell,,,78,36,7,"Sav.com, LLC",01/04/2026 22:12,01/04/2027 23:59
5293c144-f8d7-4d1d-b606-c4fbd68fc5ea,fitness.bid,resell,,,78,36,7,Dynadot Inc,08/11/2020 04:12,08/11/2026 04:12
a5a9de6c-9e83-48e0-8a3c-e25b5635701b,fitness.bingo,available,68.98,,78,36,7,namecheap,,
c3cd3d72-936f-408e-92da-09a9ac160c12,fitness.black,available,82.98,,78,36,7,namecheap,,
bcb466f6-f11c-481e-a333-9e0d0ce89c2e,fitness.blackfriday,available,134.98,,78,36,7,namecheap,,
1b4e0dae-ab52-430e-a471-e38137523635,fitness.boats,premium,845,15.73,78,36,7,namecheap,,
c3dd67b8-c4ca-44d2-8d6d-d4a3ddc375de,fitness.boo,premium,1298.7,1298.7,78,36,7,namecheap,,
dcf81320-39cc-4259-a58e-5ed0f203278e,fitness.boston,premium,520,19.5,78,36,7,namecheap,,
61378208-316b-4e7d-96ec-745fd5c9f3a9,fitness.boutique,resell,,,78,36,7,Dynadot Inc,29/07/2015 16:00,29/07/2026 16:00
09572fc2-d055-4c8d-ab7e-8dc715c05964,fitness.broker,available,19.99,,78,36,7,name.com,,
60aa2eff-5da0-4503-84e5-aae43ec75765,fitness.builders,resell,,,78,36,7,"GoDaddy.com, LLC",26/03/2014 16:00,26/03/2027 16:00
5c7b6fd2-58b1-458b-b40e-e3a3d31e20b6,fitness.bz,resell,,,78,36,7,1API GmbH,03/04/2010 07:15,03/04/2027 07:15
4df9205e-da00-4f1b-957a-1b597c52ef42,fitness.cam,resell,,,78,36,7,"Spaceship, Inc.",14/12/2016 10:00,14/12/2026 23:59
b41e65b2-9b58-40b7-86ef-c6953a22ca33,fitness.camera,premium,520,520,78,36,7,namecheap,,
29989d42-1662-44d1-8da4-7dd7d4627c68,fitness.capital,premium,85.8,85.8,78,36,7,namecheap,,
d8399fc4-7fd2-472c-a392-994791cd01a0,fitness.car,available,2400,,78,36,7,namecheap,,
91c463ec-a406-413f-a74c-82d4858a2d97,fitness.care,resell,,,78,36,7,"GoDaddy.com, LLC",01/05/2024 14:28,01/05/2027 14:28
579e397b-ad6c-4027-971a-c809fef14610,fitness.cars,available,2950,,78,36,7,namecheap,,
7b5354cd-39ec-4438-870f-90395da9c6f1,fitness.cash,resell,,,78,36,7,"GoDaddy.com, LLC",04/08/2023 04:38,04/08/2026 04:38
d0c67d29-e889-4db4-8155-5911c30138e9,fitness.casino,available,191.98,,78,36,7,namecheap,,
d7302465-dd57-45de-b9c1-749578bcf6dc,fitness.catering,premium,128.7,128.7,78,36,7,namecheap,,
59753a26-309b-45bc-b80c-774b09af408b,fitness.cfd,resell,,,78,36,7,Dynadot LLC,22/04/2021 04:45,22/04/2028 23:59
c354c951-795d-43fd-95ee-8fc29c51a3d7,fitness.channel,premium,1248.75,,78,36,7,name.com,,
80c5451f-b63a-4b06-87bf-988b7746308f,fitness.charity,premium,260,260,78,36,7,namecheap,,
d84ac3d5-a8b7-4b21-bec7-fd960c8aac3e,fitness.cheap,premium,,,78,36,7,,,
79b989b9-f63c-41d3-8a82-9386e764926e,fitness.city,premium,520,520,78,36,7,namecheap,,
f0b0e271-9596-46f5-b065-edb63845faef,fitness.claims,available,82.98,,78,36,7,namecheap,,
5a5c8799-9e91-457f-a537-d6f6a8a6ffde,fitness.cleaning,premium,260,260,78,36,7,namecheap,,
88fe2028-2842-4770-9205-b6d4ab2718ec,fitness.cloud,premium,1300,1300,78,36,7,namecheap,,
ffc4dcae-b19f-40a7-90fe-a8ddca12756f,fitness.club,resell,,,78,36,7,"GoDaddy.com, LLC",22/01/2026 17:00,22/01/2027 17:00
fd3c893b-11f2-440e-844f-a7265222c269,fitness.codes,available,92.98,,78,36,7,namecheap,,
2febaaae-93cf-4266-bf6d-2156ab53505c,fitness.coffee,premium,,,78,36,7,,,
2cb86724-4807-481e-beb2-3992553c4197,fitness.community,resell,,,78,36,7,"Global Domains International, Inc. DBA DomainCostClub.com",10/01/2026 15:15,10/01/2027 15:15
038bc456-4df1-486a-a925-34bf06816192,fitness.condos,premium,128.7,128.7,78,36,7,namecheap,,
4ab24eed-b947-46bd-af85-ee292e55471e,fitness.construction,available,50.98,,78,36,7,namecheap,,
5af8c78f-9430-4563-bd80-8ec4a66858af,fitness.contractors,premium,85.8,85.8,78,36,7,namecheap,,
a6333611-8474-4838-9468-079014b1cbe8,fitness.cooking,premium,260,31.2,78,36,7,namecheap,,
8b8bbe60-70fa-4cfc-a116-0c375a631163,fitness.cool,premium,260,260,78,36,7,namecheap,,
d8db854b-ebb3-4450-9bd8-dcb09679ebd8,fitness.country,available,2450,,78,36,7,namecheap,,
48fb8910-75e6-40e0-8aea-36a891ec6fef,fitness.coupons,premium,1040,1040,78,36,7,namecheap,,
284e26fb-d09d-4107-9092-1d8813469ff2,fitness.creditcard,available,168.98,,78,36,7,namecheap,,
2c657ae0-1a0b-4062-b1a6-3122b3bc5080,fitness.cricket,premium,650,84.5,78,36,7,namecheap,,
e22187f4-aa05-4c13-8bca-789730f35285,fitness.cruises,premium,520,520,78,36,7,namecheap,,
19c72074-6964-4a2b-986c-b56e653b6dbe,fitness.cv,premium,1301.53,9.75,78,36,7,namecheap,,
faf783d1-286f-4e34-871e-05dca1131fca,fitness.cx,resell,,,78,36,7,West263 International Limited,17/07/2024 02:11,17/07/2026 02:11
17ae03ff-c116-4ef1-9468-74855a81d929,fitness.cyou,premium,143.65,574.6,78,36,7,namecheap,,
6a61eda5-0e5e-45d6-8c58-f9b39dac97b4,fitness.dad,premium,1298.7,1298.7,78,36,7,namecheap,,
aa047c5d-b1d9-432e-a129-c517ab7d393f,fitness.dance,premium,1040,1040,78,36,7,namecheap,,
37c17b72-583f-4017-a876-2324eb2af7c0,fitness.date,premium,390,65,78,36,7,namecheap,,
500f9cce-889d-4c7c-8b8f-a8eff2ae965a,fitness.deal,premium,650,650,78,36,7,namecheap,,
9eb9bb4d-7610-4d1c-aea0-d6bb5dbb1311,fitness.dealer,premium,2015,2600,78,36,7,namecheap,,
a2ee2652-877c-4d3c-a4ba-bd7b0c3289a3,fitness.degree,premium,78,78,78,36,7,namecheap,,
7c30f0d4-0dcc-4c8e-9694-d226d8ba31ec,fitness.delivery,premium,260,260,78,36,7,namecheap,,
c629aef0-8119-4520-a84f-02ceff0658f0,fitness.democrat,available,41.48,,78,36,7,namecheap,,
bc668c29-504f-4f6c-95f8-5852abf4ec01,fitness.dentist,premium,260,260,78,36,7,namecheap,,
71eb915d-f0ff-4958-915f-5fdeec01a6f6,fitness.desi,available,22.98,,78,36,7,namecheap,,
8db6f150-954c-48b6-a860-bb62b3909eaa,fitness.design,premium,845,845,78,36,7,namecheap,,
39a69ee2-51fc-44fd-9ead-01618d666580,fitness.dev,premium,1623.75,1623.75,78,36,7,name.com,,
bbae4b7e-17ea-4283-b8ba-f505d99d2b0b,fitness.diamonds,available,72.98,,78,36,7,namecheap,,
f707032c-1948-4a67-96bb-2ba60ee16127,fitness.diet,premium,,,78,36,7,,,
d17ab246-0dde-458f-8afc-10e16238282d,fitness.digital,resell,,,78,36,7,"GoDaddy.com, LLC",05/07/2016 21:26,05/07/2026 21:26
51cd156a-12bb-4b26-8756-68a28e3817fa,fitness.discount,premium,128.7,128.7,78,36,7,namecheap,,
01d7b77c-f91a-481f-b85f-515c0a2d882f,fitness.diy,premium,1300,2600,78,36,7,namecheap,,
247c6db6-f4ac-498e-88a0-876a008216c7,fitness.dog,resell,,,78,36,7,"Sav.com, LLC - 24",26/04/2025 15:15,26/04/2027 15:15
b0240a50-79df-4f3e-b02a-358bd7f382ad,fitness.domains,premium,520,520,78,36,7,namecheap,,
a131f485-fb21-4328-8865-0a868a068306,fitness.download,premium,130,32.5,78,36,7,namecheap,,
8fd88b77-4bad-438a-994b-6909a2080e04,fitness.earth,premium,156,156,78,36,7,namecheap,,
0bbe1ec3-057a-4c20-aa01-769b1f9d5be4,fitness.eco,premium,9375,,78,36,7,name.com,,
b0aefd35-cb4f-44db-89a9-c2ec5acb6cd2,fitness.email,premium,85.8,85.8,78,36,7,namecheap,,
072e6b74-9712-4475-b24e-a4c201b50fbe,fitness.energy,resell,,,78,36,7,"Sav.com, LLC - 16",21/06/2024 15:15,21/06/2026 15:15
89b3e004-a16c-454b-9c1b-2a0858ee99e2,fitness.engineering,premium,260,260,78,36,7,namecheap,,
dc3b1ed0-ea29-4f8d-b624-26159469bd37,fitness.enterprises,available,47.98,,78,36,7,namecheap,,
60e26a2b-d2ee-4797-8c64-9aec2d8aba1e,fitness.equipment,premium,520,520,78,36,7,namecheap,,
dfc6f29f-3e1f-4d07-afb5-7a63135434a6,fitness.esq,premium,1688.7,1688.7,78,36,7,namecheap,,
bcae498b-d83a-4d79-90be-cc5f9b66c25d,fitness.estate,available,52.98,,78,36,7,namecheap,,
d5ea1dae-9470-4efb-b4a6-3aec682476db,fitness.exchange,premium,42.9,42.9,78,36,7,namecheap,,
038721c2-5f4a-486b-94c7-091fd3dba01f,fitness.expert,premium,1040,1040,78,36,7,namecheap,,
3b22f264-576f-4f0d-9c42-809c9524eadf,fitness.exposed,premium,260,260,78,36,7,namecheap,,
4d36be98-9459-46c6-99d8-a99d8a51f035,fitness.express,resell,,,78,36,7,"Spaceship, Inc.",16/07/2015 16:41,16/07/2026 16:41
eee68dfa-c803-4a24-9e79-f18ecede95d4,fitness.fail,premium,128.7,128.7,78,36,7,namecheap,,
fffa10b6-576d-4369-93ee-59e3af22d360,fitness.family,premium,260,260,78,36,7,namecheap,,
48da6bf1-29ec-410f-9486-cb475273adcf,fitness.fans,premium,130,130,78,36,7,namecheap,,
440cb6d8-5405-4cbb-a6f9-466d46663024,fitness.fashion,premium,,,78,36,7,,,
0914cb21-3929-43e2-8227-a863198ba6fe,fitness.fast,premium,650,650,78,36,7,namecheap,,
e9e613a6-3e66-4a9d-beab-cc18c488d319,fitness.film,premium,130,130,78,36,7,namecheap,,
c2be19e2-c73d-4e18-922b-176be5cf6042,fitness.finance,resell,,,78,36,7,Unstoppable Domains Inc,30/11/2022 15:15,30/11/2026 15:15
2de32727-f619-4d53-aa0a-80952c93e817,fitness.financial,resell,,,78,36,7,Squarespace Domains II LLC,14/07/2022 17:38,14/07/2026 17:38
cf658b56-78bc-4a23-8646-c9e611d66a32,fitness.fish,available,59.98,,78,36,7,namecheap,,
624da94f-af84-4988-a536-29848ab903cb,fitness.fishing,premium,52,31.2,78,36,7,namecheap,,
4d8394e5-aff6-4d7a-8935-e87199a45999,fitness.flights,premium,260,260,78,36,7,namecheap,,
87127d27-3f68-42d2-960a-bd152f006419,fitness.florist,available,41.98,,78,36,7,namecheap,,
422ec62b-b245-4059-b7b7-3f408fd4cf49,fitness.flowers,available,159.98,,78,36,7,namecheap,,
a23a55b4-ca61-4ccf-b5b4-6de740644969,fitness.fm,premium,5193.5,110.5,78,36,7,namecheap,,
f05a28b6-b4a0-41f9-8889-9d7cd4ca7876,fitness.foo,premium,1298.7,1298.7,78,36,7,namecheap,,
45259aca-e26b-4ecc-a2ed-bc662dabc5f4,fitness.food,premium,1300,2600,78,36,7,namecheap,,
b0b8501d-2d20-4fd4-af13-cf1322097120,fitness.football,premium,128.7,128.7,78,36,7,namecheap,,
7b7c02d9-fe19-4b6c-bb74-70f6e133b16a,fitness.forex,available,19.99,,78,36,7,name.com,,
eacde222-cd6f-47a8-bb3d-61ffb8b42e46,fitness.forsale,premium,128.7,128.7,78,36,7,namecheap,,
3380541b-5864-4464-9295-8138561952ea,fitness.free,premium,1300,1300,78,36,7,namecheap,,
d29cbc56-5aeb-47a5-84af-8f132d57d650,fitness.fun,premium,1625,6500,78,36,7,namecheap,,
55a4381b-f31c-466e-b416-9210c8ab3640,fitness.fund,premium,85.8,85.8,78,36,7,namecheap,,
555bf4c6-99ab-46fa-9bf5-456c2695bb07,fitness.furniture,available,127.98,,78,36,7,namecheap,,
cfa71255-9310-4b00-bb8f-94794077b087,fitness.fyi,resell,,,78,36,7,"Blue Razor Domains, LLC",02/09/2015 16:00,02/09/2026 16:00
6f326e8f-db86-4016-885e-ec78ae9da48c,fitness.games,premium,260,260,78,36,7,namecheap,,
33ae5aa2-948d-4542-92bb-f4af5b224cb8,fitness.garden,premium,52,31.2,78,36,7,namecheap,,
4a4f005e-93ae-4d5c-aa07-dc6946e7aa8c,fitness.gifts,premium,42.9,42.9,78,36,7,namecheap,,
1a15c4af-f0fc-44d2-a497-0ccc869b8f9c,fitness.gives,premium,,,78,36,7,,,
6684963a-86fc-4ce8-b276-48c3ea2b5302,fitness.glass,premium,520,520,78,36,7,namecheap,,
721b7fb2-d05c-480f-a483-4437939d74e8,fitness.global,premium,5200,65,78,36,7,namecheap,,
a4c5afa2-69fd-408e-b091-a89dc6e2c325,fitness.gold,resell,,,78,36,7,"DNSPod, Inc.",30/03/2019 17:05,30/03/2027 17:05
c362c226-7cd8-4390-ab82-0a75384d72c0,fitness.green,premium,650,650,78,36,7,namecheap,,
bf17eec0-ec54-462f-84b0-efcb85ad3f54,fitness.gripe,premium,85.8,85.8,78,36,7,namecheap,,
49605e52-2113-4669-ab70-81b2f8d11e0c,fitness.group,resell,,,78,36,7,"Spaceship, Inc.",24/08/2022 13:15,24/08/2026 13:15
457d6517-8166-46b9-9dc7-c9da443335aa,fitness.guitars,available,159.98,,78,36,7,namecheap,,
51e7c203-8f30-40e8-934a-0379d70ce5c6,fitness.hair,premium,845,845,78,36,7,namecheap,,
407969c9-f228-44f5-8a44-30c5b300a2b2,fitness.health,resell,,,78,36,7,"GoDaddy.com, LLC",07/11/2023 21:35,07/11/2026 21:35
70e8332a-2537-4be6-9aa5-1b7627040918,fitness.healthcare,resell,,,78,36,7,Edomains LLC,13/10/2023 15:15,13/10/2026 15:15
6644b71a-4fd9-428f-8c2b-d408db93f874,fitness.hiv,premium,,,78,36,7,,,
51d2dc39-949e-42b7-9811-ae3653acbac8,fitness.hockey,available,72.98,,78,36,7,namecheap,,
ff1e7118-67fa-4f18-803b-f3868a42c46a,fitness.holdings,available,81.98,,78,36,7,namecheap,,
818fc6a0-020e-49fa-9796-f86a0db5a6ce,fitness.holiday,premium,128.7,128.7,78,36,7,namecheap,,
f61df350-dbe3-4f8e-9f18-c4a078518df0,fitness.homes,premium,845,15.73,78,36,7,namecheap,,
17d0da9c-7bf3-4f83-9649-00acb6a18e14,fitness.horse,premium,104,31.2,78,36,7,namecheap,,
b383495e-1945-4e5a-8379-f08ce3ae6d63,fitness.host,premium,325,650,78,36,7,namecheap,,
aa2be879-041e-475d-b580-6afbad095f88,fitness.hosting,available,398,,78,36,7,namecheap,,
98830adb-9b8a-4085-8783-36d596b5d028,fitness.hot,premium,1300,1300,78,36,7,namecheap,,
90433250-caf8-4a4b-a667-693750a95c1c,fitness.immo,available,43.98,,78,36,7,namecheap,,
625edb0b-dff0-406b-99ad-33cb6296de8c,fitness.immobilien,available,43.98,,78,36,7,namecheap,,
e9039752-b12c-4256-af9b-72eeaf2eabc5,fitness.inc,premium,2015,2600,78,36,7,namecheap,,
211e13a8-c2bd-4cae-b195-25029e02b401,fitness.industries,premium,520,520,78,36,7,namecheap,,
c3de2c99-3037-4a61-a9e0-2675d4446aec,fitness.ing,premium,1690,1690,78,36,7,namecheap,,
fda06119-0a5d-4fe2-943f-a6fa84378120,fitness.ink,resell,,,78,36,7,Porkbun,27/07/2025 00:01,27/07/2026 00:01
caf5d8ee-50ee-4563-8985-85ce47547b7b,fitness.insure,available,91.98,,78,36,7,namecheap,,
d0280c67-eca8-4a07-b22f-bf56087d7f9b,fitness.investments,available,166.98,,78,36,7,namecheap,,
8a4ce7bc-cc47-436d-a50e-e19b3662a28d,fitness.irish,available,31.98,,78,36,7,namecheap,,
0b14b7fa-a416-4ac1-aaa9-94c4895302c1,fitness.jetzt,premium,128.7,128.7,78,36,7,namecheap,,
f4d70153-0c62-425d-b877-50066773f937,fitness.jewelry,available,69.98,,78,36,7,namecheap,,
c61585fc-4020-48bb-b4f2-4c7fb5ec92d9,fitness.juegos,available,478.98,,78,36,7,namecheap,,
fb4c90f7-aa4e-421a-b142-4151c724d53f,fitness.kaufen,available,33.58,,78,36,7,namecheap,,
2865e4d2-13e6-418b-971e-3187a26d204c,fitness.kids,resell,,,78,36,7,"GoDaddy.com, LLC",11/11/2022 19:28,11/11/2026 19:28
d2ccacce-b0e7-40ce-8e16-f6de38b13a6e,fitness.kitchen,resell,,,78,36,7,united-domains GmbH,19/02/2014 16:14,19/02/2027 16:14
47bb32be-6b6d-483e-a626-b1da712ee04d,fitness.law,available,130.98,,78,36,7,namecheap,,
4982582d-e95f-4db7-bfb8-0ed79da484b7,fitness.lawyer,available,66.98,,78,36,7,namecheap,,
7b760ca1-53c0-49ab-9ed7-beedd508a6bd,fitness.lease,premium,128.7,128.7,78,36,7,namecheap,,
594d0d80-3186-41cd-b9b8-66507be9feb0,fitness.legal,available,88.98,,78,36,7,namecheap,,
efdc0316-4333-4f4b-b334-759dce954008,fitness.lgbt,available,93.98,,78,36,7,namecheap,,
0aa2002a-fbd5-4393-a4cb-51dc33f5d537,fitness.lifestyle,premium,1300,2600,78,36,7,namecheap,,
0e3ebc8a-3ed3-44b7-ab80-e6ac2787b89c,fitness.limo,available,68.98,,78,36,7,namecheap,,
5f170c5d-ae58-4107-ba16-4f0571fe3525,fitness.link,premium,3412.5,4550,78,36,7,namecheap,,
c5ee082f-3a2f-4aa3-976f-1cf5631d383b,fitness.living,premium,1300,2600,78,36,7,namecheap,,
eccedaa7-7f72-4ea2-b93e-3ee6c7ab5015,fitness.llc,premium,325,325,78,36,7,namecheap,,
4fb4ce29-8322-4248-bfe0-c30c7c0ca79c,fitness.loan,premium,1300,130,78,36,7,namecheap,,
ba3bf34d-d538-402d-aa3a-fb02da3bc672,fitness.loans,available,144.98,,78,36,7,namecheap,,
b018b85a-2a74-4b16-877b-8f7bcb9c91f1,fitness.locker,premium,13000,58.5,78,36,7,namecheap,,
91d81dbb-8baf-4343-92e2-16c4aa4ba210,fitness.lol,premium,845,845,78,36,7,namecheap,,
271c2f3e-3fe2-44c1-9a9b-e554bce54174,fitness.love,premium,3900,7800,78,36,7,namecheap,,
4326a3ab-8198-4117-8970-1ac6691f3876,fitness.luxe,resell,,,78,36,7,"GoDaddy.com, LLC",05/05/2021 12:52,05/05/2027 12:52
65e40de7-7390-4650-b44b-f81959866b34,fitness.luxury,available,500.98,,78,36,7,namecheap,,
35d02296-909c-42cf-800e-b4c0c0efb282,fitness.maison,premium,128.7,128.7,78,36,7,namecheap,,
63b48419-042b-4144-b793-7834893f9de9,fitness.makeup,premium,845,845,78,36,7,namecheap,,
d5110c37-13b3-4724-b9a8-14260aabe78a,fitness.market,premium,520,520,78,36,7,namecheap,,
9342ac9a-7c65-4d5d-8db9-7bdbfac8f3d5,fitness.markets,premium,250,,78,36,7,name.com,,
3b1a49ef-0733-4ac6-a86b-7523c1fce9ed,fitness.melbourne,premium,86.33,86.33,78,36,7,namecheap,,
7014b9b3-0853-4bad-a684-821e659b0a77,fitness.meme,premium,1690,1690,78,36,7,namecheap,,
f940373c-4571-41d1-9f12-3bc51b5e3e5a,fitness.memorial,available,64.98,,78,36,7,namecheap,,
3722fcd5-8b74-4ee6-8a6f-49e753fe977b,fitness.mobi,resell,,,78,36,7,Porkbun LLC,06/09/2018 10:14,06/09/2026 10:14
3629e04e-479a-49b6-9096-223d02a74fdc,fitness.mobile,premium,375,,78,36,7,name.com,,
3b6ae51b-9ad0-40a2-a4b2-bc941b87139b,fitness.moda,premium,1040,1040,78,36,7,namecheap,,
a5f1e4ff-f54b-4b0c-8e4e-b22f51cc7683,fitness.moe,premium,104,15.6,78,36,7,namecheap,,
102f6057-88d5-45fa-9ef1-4e7850b51440,fitness.moi,premium,625,,78,36,7,name.com,,
5a91ee78-b3fa-42dc-9b32-8d8121278a84,fitness.mom,premium,845,845,78,36,7,namecheap,,
8fb00b13-9d23-46e6-ab69-130ab24ebdd1,fitness.money,resell,,,78,36,7,Dynadot Inc,14/07/2025 17:00,14/07/2026 17:00
c30e0a3a-bf67-4e56-b8f5-b64c977cc005,fitness.mortgage,premium,260,260,78,36,7,namecheap,,
e0c48ac9-2e43-4e04-8332-1705ca3c3366,fitness.motorcycles,premium,845,15.73,78,36,7,namecheap,,
94b1e925-ad70-4921-80cb-3a10c64e9308,fitness.mov,premium,1298.7,1298.7,78,36,7,namecheap,,
c33ce78d-9f0d-430b-aa4f-e8d77d207c16,fitness.movie,available,446.98,,78,36,7,namecheap,,
6bd42bef-d2dc-4558-bd60-9b50bd6940d5,fitness.navy,available,45.98,,78,36,7,namecheap,,
6727597d-3d51-45dc-938c-df8e1fec614b,fitness.net,resell,287500,23.99,78,36,7,"GoDaddy.com, LLC",26/05/1998 04:00,25/05/2029 04:00
abb1ca19-db93-4f79-a714-0e0aae04decf,fitness.new,available,549.99,,78,36,7,name.com,,
ba316947-671b-4dba-807f-5aae7671af65,fitness.news,premium,1300,1300,78,36,7,namecheap,,
5a7b68ea-4afc-40b7-b60c-918cb9a513e1,fitness.nexus,premium,1298.7,1298.7,78,36,7,namecheap,,
5f19c97d-0599-40a9-9c12-668f3e6d0942,fitness.ngo,available,24.98,,78,36,7,namecheap,,
e0cdba11-7902-417a-8834-f29486e34564,fitness.nyc,premium,3250,32.5,78,36,7,namecheap,,
169a8461-55e9-404e-89cf-f050f064ae45,fitness.ong,available,24.98,,78,36,7,namecheap,,
61ad1b11-fa8b-4dfd-869b-66f10ede47fe,fitness.onl,premium,162.5,325,78,36,7,namecheap,,
bb623310-a08f-4332-ad8b-435228c09150,fitness.online,premium,3125,12500,78,36,7,name.com,,
d2b046f3-e5b6-4ace-9805-e73c310ee8fe,fitness.ooo,resell,,,78,36,7,Dynadot LLC,11/01/2023 22:36,11/01/2027 23:59
33ba9a62-d482-428b-a476-1ef164ec16c0,fitness.org,resell,1725000,21.99,78,36,7,"GoDaddy.com, LLC",05/05/2003 20:29,05/05/2027 20:29
e71721c8-75f3-4fd7-a4a9-645186bbf1af,fitness.organic,premium,,,78,36,7,,,
47b6663e-26c3-49a0-bd70-b07aebb98dc9,fitness.page,premium,1298.7,1298.7,78,36,7,namecheap,,
70321cd3-1869-4397-87eb-890d804454b8,fitness.paris,premium,363.2,,78,36,7,name.com,,
7338c953-0519-4d16-b98d-ed61aad8cb71,fitness.phd,premium,1688.7,1688.7,78,36,7,namecheap,,
f1e01a8c-c96e-4989-81b1-2cb5cd0ba4e0,fitness.photography,premium,520,520,78,36,7,namecheap,,
8a0073d7-8c96-4716-beb6-e256b3eb8f7e,fitness.pics,resell,,,78,36,7,"Spaceship, Inc.",08/06/2025 15:22,08/06/2026 23:59
2d6d405d-4060-496a-96e8-63f8f4b26844,fitness.pink,resell,,,78,36,7,"Spaceship, Inc.",02/08/2025 17:18,02/08/2026 17:18
60b3e689-4c16-4f5c-940d-576e26026d86,fitness.place,premium,260,260,78,36,7,namecheap,,
29530abf-b31f-416a-b150-0c515d130745,fitness.plumbing,available,89.98,,78,36,7,namecheap,,
9f45ec9d-90b9-45f2-8597-c04af46f9f11,fitness.plus,resell,,,78,36,7,"Spaceship, Inc.",20/09/2023 15:15,20/09/2026 15:15
3bb563c5-eb9f-4193-adca-cb1688a65849,fitness.press,premium,1950,3900,78,36,7,namecheap,,
cc13aec0-aa59-4a63-983b-a76623cf56ab,fitness.productions,premium,260,260,78,36,7,namecheap,,
cb4791a7-3564-4d5f-b192-872403dda6c0,fitness.prof,premium,1688.7,1688.7,78,36,7,namecheap,,
03499685-718e-4466-bf31-c8fbb251127a,fitness.properties,premium,260,260,78,36,7,namecheap,,
f16c802f-a4ec-4490-b435-696f6970b878,fitness.protection,available,2950,,78,36,7,namecheap,,
2cbef9dc-d516-4d8a-b1bc-3dd1bdd0199c,fitness.pub,resell,,,78,36,7,"Chengdu West Dimension Digital Technology Co., Ltd.",29/04/2017 11:28,29/04/2027 11:28
e2b3612c-e426-4a06-b93e-fc22a5efe875,fitness.pw,premium,3250,3250,78,36,7,namecheap,,
edf96f97-ca86-4362-9f2d-6b6bf420e1c2,fitness.quest,premium,845,15.73,78,36,7,namecheap,,
ea7fa281-70f5-4d75-9595-132d0083ccc5,fitness.realty,available,456.98,,78,36,7,namecheap,,
e716ac3b-b518-48da-9142-de823a050d44,fitness.recipes,premium,85.8,85.8,78,36,7,namecheap,,
0f936935-06c5-4ff6-a985-73ba5b18e898,fitness.red,resell,,,78,36,7,"Spaceship, Inc.",10/12/2019 10:08,10/12/2026 10:08
5efa0d53-5122-4afc-b59b-42061df0fb80,fitness.rehab,premium,260,260,78,36,7,namecheap,,
ecd2bcb1-3161-4fc6-bd5f-d618fd06e21d,fitness.reise,available,127.98,,78,36,7,namecheap,,
5d960576-2012-4e4d-afbc-578acdee8b9e,fitness.reisen,premium,260,260,78,36,7,namecheap,,
f867fd2b-5298-4e2a-83bd-e31cc97ecbca,fitness.report,premium,1040,1040,78,36,7,namecheap,,
f09334ff-dc2b-47f7-8128-5b0ced75a62a,fitness.republican,available,43.98,,78,36,7,namecheap,,
d0f19a9f-6635-4c35-bc42-acbf1e103e59,fitness.rest,premium,585,1170,78,36,7,namecheap,,
0c9683e6-c1dc-4beb-bf0a-0832aaf134cb,fitness.review,premium,6500,130,78,36,7,namecheap,,
a9825f67-8db8-4c9d-8699-2e861e3bc5c0,fitness.reviews,premium,260,260,78,36,7,namecheap,,
e331e3cb-3e7d-4879-bd5d-d6c6bd3e9d14,fitness.rich,premium,,,78,36,7,,,
76b4343e-6f0f-455e-a829-36978e0f08b3,fitness.rip,resell,,,78,36,7,"NameSilo, LLC",03/07/2020 11:22,03/07/2026 11:22
579226b8-e811-47d6-b495-b9dd177f196f,fitness.rodeo,premium,52,10.4,78,36,7,namecheap,,
56d91987-f5a1-4974-93f6-3c02a8a83552,fitness.rsvp,premium,1298.7,1298.7,78,36,7,namecheap,,
471481cd-2c9c-4e18-b118-8009873af925,fitness.sale,premium,1040,1040,78,36,7,namecheap,,
d641f6ea-a371-4bf5-b840-b30feef071b0,fitness.sarl,premium,42.9,42.9,78,36,7,namecheap,,
87554bac-9b97-430d-a47d-2f48a50dd2a0,fitness.schule,available,32.98,,78,36,7,namecheap,,
d4c1dee6-e7ec-4e60-8fb8-fd2acd5a73e6,fitness.science,premium,3250,130,78,36,7,namecheap,,
9752032c-5924-4028-8cd0-cd7a808357a3,fitness.security,available,2950,,78,36,7,namecheap,,
edfa4933-236d-4e05-872b-9e9a60fc8bdf,fitness.services,premium,1040,1040,78,36,7,namecheap,,
d0483ddb-f29f-4ca5-ad66-4bc762f1b55c,fitness.sexy,available,3298,,78,36,7,namecheap,,
76e1d735-80ac-4861-9d65-cf0ff02730ab,fitness.shiksha,premium,780,780,78,36,7,namecheap,,
2f71c554-f97e-45e4-8190-578fad277748,fitness.shoes,premium,85.8,85.8,78,36,7,namecheap,,
39f34657-11ec-42b6-9982-2907ac30d065,fitness.shopping,resell,,,78,36,7,united-domains GmbH,28/09/2016 16:00,28/09/2026 16:00
26d4bc7a-ac26-4756-9abc-f4bba385537c,fitness.singles,resell,,,78,36,7,"Global Domains International, Inc. DBA DomainCostClub.com",02/01/2022 15:14,02/01/2027 15:14
9b9bcf6e-0045-44f8-85b7-e82de5bdde36,fitness.skin,premium,845,845,78,36,7,namecheap,,
e56f8028-a9c0-4a11-b159-3864dfaa2544,fitness.soccer,available,29.48,,78,36,7,namecheap,,
b8b05d32-4650-4c51-a459-989c6002e89d,fitness.software,premium,780,780,78,36,7,namecheap,,
87c0256d-22f4-452c-a27e-553c39be35e7,fitness.solar,available,81.98,,78,36,7,namecheap,,
2ba9fdb0-ff6e-4704-b550-b723ec4f5d32,fitness.solutions,resell,,,78,36,7,Porkbun LLC,27/08/2024 19:32,27/08/2026 19:32
d8a97477-a675-4d9f-9c47-ec76123d45b3,fitness.soy,premium,698.1,698.1,78,36,7,namecheap,,
2e274a56-b4d9-4726-b523-45742db4d8f6,fitness.space,premium,3250,13000,78,36,7,namecheap,,
da8e6a54-ee2c-48e6-8497-74eeb66b071c,fitness.spot,premium,130,130,78,36,7,namecheap,,
d78a34d2-94c0-4b22-9ae2-2a9580e090d4,fitness.srl,premium,,,78,36,7,,,
23453867-d6d7-4ff1-bd42-56b1ba6be9d8,fitness.storage,available,858,,78,36,7,namecheap,,
65533e07-6075-46a2-94dd-2aff89cd546a,fitness.stream,premium,6500,130,78,36,7,namecheap,,
61f2eced-614b-4e5f-889e-6df1e006315e,fitness.style,premium,,,78,36,7,,,
b5f5e476-9dcd-4862-a660-4d7686f187a4,fitness.sucks,premium,2728.7,2728.7,78,36,7,namecheap,,
e34d783f-d0e8-44fd-ab83-50e74140a1a2,fitness.supply,premium,,,78,36,7,,,
11ce5eb6-5300-4a96-8bf8-84fb58f9569f,fitness.support,premium,,,78,36,7,,,
2e7855be-84e7-4bf9-ab59-96b8b07be24f,fitness.surf,premium,520,31.2,78,36,7,namecheap,,
5a08e1db-c099-4784-9026-0381e33e2e62,fitness.surgery,premium,260,260,78,36,7,namecheap,,
2f08a12e-2dfb-4ac8-9459-3bb216f50fda,fitness.sydney,premium,86.33,86.33,78,36,7,namecheap,,
57a85c8e-cfc8-4692-9612-a185b462962e,fitness.systems,resell,,,78,36,7,united-domains GmbH,19/03/2014 16:00,19/03/2027 16:00
ccfe2c8d-3355-4538-8e02-dd430981bd14,fitness.talk,premium,650,650,78,36,7,namecheap,,
4059a7a5-1a19-4ba2-a28d-48b730361b0b,fitness.taxi,available,69.98,,78,36,7,namecheap,,
11bb9b63-0f2b-4ac2-b350-b015bf1ba48b,fitness.team,resell,,,78,36,7,"GoDaddy.com, LLC",04/08/2023 04:38,04/08/2026 04:38
7e0b1e4b-2193-40d3-86ef-c1ddd6ea460f,fitness.tech,resell,,,78,36,7,Namify Domains Inc,16/02/2021 19:40,16/02/2029 23:59
db338460-02ae-4d7c-b868-58ad2e3b0dd7,fitness.technology,resell,,,78,36,7,"NameCheap, Inc.",19/02/2014 21:27,19/02/2027 21:27
818770b3-352c-41c9-a51f-c5e83347c315,fitness.tennis,premium,260,260,78,36,7,namecheap,,
2c9f580e-2613-4157-bd19-b7a54665a9e4,fitness.theater,available,80.98,,78,36,7,namecheap,,
4ea5c8dd-001f-46c2-b3c0-fff651882dd0,fitness.theatre,available,620,,78,36,7,namecheap,,
a9b25df9-0911-4ab4-b62f-29d27dcf9e55,fitness.tickets,available,568,,78,36,7,namecheap,,
06ac17d7-6fa8-459f-a4cd-01f870815820,fitness.tienda,premium,520,520,78,36,7,namecheap,,
9b41653d-13b3-4b57-befa-20ec61564451,fitness.tips,premium,520,520,78,36,7,namecheap,,
2b6307a8-0808-469e-9b7d-0ce5cd9eb7fe,fitness.tires,available,110.98,,78,36,7,namecheap,,
afc42483-5aaf-4b84-9537-42e16cfe3110,fitness.to,resell,,,78,36,7,NAMECHEAP,04/03/2023 09:31,16/09/2026 14:12
0779000e-d99b-4d26-a21c-1a823f5f883d,fitness.tools,premium,85.8,85.8,78,36,7,namecheap,,
c37d6d79-13d1-415d-9bfb-960069955cac,fitness.town,premium,128.7,128.7,78,36,7,namecheap,,
69b9198e-abe6-447b-8873-8191d05b109f,fitness.tv,resell,,,78,36,7,Dynadot Inc,07/07/2016 08:16,07/07/2026 08:16
e73ee3db-d0d6-4ebd-8770-86bbe0aa5bc6,fitness.uno,premium,6500,6500,78,36,7,namecheap,,
1e6aa236-6441-4f0b-baef-949dedd84c09,fitness.vacations,premium,260,260,78,36,7,namecheap,,
22a52c2b-7fcb-4f32-8109-e2dc752e3d98,fitness.vana,available,2498,,78,36,7,namecheap,,
ad75c4ee-c3a1-43a7-baed-68893b3a9f81,fitness.ventures,resell,,,78,36,7,"Sav.com, LLC - 8",13/09/2025 15:15,13/09/2026 15:15
e0f0b2bc-e087-49f1-b54c-088359a0cac1,fitness.vet,premium,128.7,128.7,78,36,7,namecheap,,
d83cefb2-f00e-47d0-ab91-d426e67f0795,fitness.viajes,premium,128.7,128.7,78,36,7,namecheap,,
59710b2f-30cf-4e16-8b75-648f506315b1,fitness.video,premium,1300,1300,78,36,7,namecheap,,
4be338d8-f4ff-46c9-ae25-a85398032d41,fitness.villas,premium,520,520,78,36,7,namecheap,,
a65e6baf-b16f-4619-bf36-3f0ba88b24bc,fitness.vodka,available,38.98,,78,36,7,namecheap,,
39de80eb-06b8-48b2-aa21-c50b08a5bd14,fitness.vote,available,119.98,,78,36,7,namecheap,,
a5e07f04-3f50-4adf-9588-85b478b3b367,fitness.voting,available,1448,,78,36,7,namecheap,,
865e9ed3-ede6-42e2-b211-de1282a201b3,fitness.voto,available,86.98,,78,36,7,namecheap,,
e07043de-79f9-4bf5-8dfd-90f677adfd63,fitness.webcam,premium,650,84.5,78,36,7,namecheap,,
a14ec82f-15f2-45e9-aef9-683af2fc84da,fitness.website,premium,3250,6500,78,36,7,namecheap,,
dc1ca3b4-d1a3-4756-8487-ca72d8002161,fitness.wedding,premium,520,31.2,78,36,7,namecheap,,
172cd597-fa0c-4414-ad63-01c0903dd09a,fitness.win,premium,455,65,78,36,7,namecheap,,
212a96fd-d0f6-4943-9a37-8735a08cf289,fitness.wine,available,75.98,,78,36,7,namecheap,,
57d7ed36-1c8f-477c-b82b-258706ab9808,fitness.work,premium,1300,10.4,78,36,7,namecheap,,
b8e584b5-d3f2-4e73-9638-1112c1cbbd36,fitness.works,resell,,,78,36,7,"Global Domains International, Inc. DBA DomainCostClub.com",09/08/2015 19:21,09/08/2027 19:21
f5766f52-7b8c-472a-8214-1cc14895cf67,fitness.xxx,premium,620,,78,36,7,name.com,,
8ea2f31c-e835-42ec-b730-ccf8cfbfb519,fitness.yachts,premium,845,15.73,78,36,7,namecheap,,
6282b57f-9d80-4c24-bdca-eab1d20afb6b,fitness.you,premium,650,650,78,36,7,namecheap,,
89a74b61-9e1d-421d-a68b-340d1f90fdd5,fitness.zip,premium,1298.7,1298.7,78,36,7,namecheap,,
09d1894b-9b4d-4db3-95ed-e048f1a93ea3,fitness.site,premium,1562.5,6250,78,35,7,name.com,,
e2febef3-d58a-49fb-852d-9af48ac06dc9,fitness.beer,available,41.98,,78,28,7,namecheap,,
0bfd14ee-8ee8-48b5-99f3-e67e49160b25,fitness.bike,premium,,,78,28,7,,,
0e9891c4-0e45-4552-9aba-2849625b5cc3,fitness.blue,premium,,,78,28,7,,,
12311981-e135-429d-a44e-f6e8cde9b850,fitness.build,premium,104,104,78,28,7,namecheap,,
cf6c000e-8c4a-49b9-8883-48996168d302,fitness.careers,premium,,,78,28,7,,,
62ddc9c3-411b-4877-9b14-9f914a572ede,fitness.ceo,premium,518.96,518.96,78,28,7,namecheap,,
883f2c6b-a2d0-4c19-af8f-1a9abd4c189e,fitness.christmas,available,49.98,,78,28,7,namecheap,,
c568d83a-b34d-45c7-892a-0807170e0e9c,fitness.courses,premium,,,78,28,7,,,
43132470-e80d-4033-9b3f-76d70cbf1e56,fitness.fan,premium,,,78,28,7,,,
3ba58c7c-5fb5-4cb7-819f-7ca0b7b736e0,fitness.guide,premium,,,78,28,7,,,
f7baad34-49f9-4ec4-9936-810c0f6a1146,fitness.guru,premium,,,78,28,7,,,
facd7933-727b-4616-b879-1adba15c5f09,fitness.hiphop,premium,,,78,28,7,,,
e5ff8474-4b13-441b-a2bd-daa231a230b9,fitness.how,premium,,,78,28,7,,,
fe36d4d1-23d7-41bd-9d2b-aa675a4c0ac4,fitness.im,premium,,,78,28,7,,,
219bba2b-e7fa-4e06-8471-1597e5885ea2,fitness.life,premium,,,78,28,7,,,
e9a3fa13-6600-4ff2-be98-09c6663a7369,fitness.live,premium,,,78,28,7,,,
156b8470-7deb-45e4-9ff3-aa0ecd51b273,fitness.men,premium,,,78,28,7,,,
1688b7c4-edc4-4e4f-8439-0bbbe689bc5c,fitness.menu,premium,,,78,28,7,,,
04d0a603-0e1c-4903-a54c-e5922f06669b,fitness.music,premium,,,78,28,7,,,
ed23c5c6-3e16-4f9f-a410-9dde3e179c4c,fitness.osaka,premium,,,78,28,7,,,
363b9b06-0c97-4ac9-a748-52b771a0c88a,fitness.party,premium,,,78,28,7,,,
052cc4e5-c9c1-4239-9034-e7029af31c22,fitness.porn,premium,,,78,28,7,,,
c21a5177-8039-438d-b0d4-cad7517e522d,fitness.property,premium,,,78,28,7,,,
ae6b9d9a-2ae6-4244-a5cc-49b1c2f6a70a,fitness.shop,premium,1250,1250,78,28,7,name.com,,
a61ffc16-7782-4d60-b2c9-2c018a86426d,fitness.studio,premium,,,78,28,7,,,
62883404-a78d-4c5f-bdea-0283620de131,fitness.study,premium,,,78,28,7,,,
daf53ef8-c154-4710-b04c-df9189344abb,fitness.tube,premium,,,78,28,7,,,
6e0bca32-78a9-43df-857d-ee1a2789b94a,exercise.garden,premium,,,98,16,8,,,
36fa4aae-6e92-4b1d-9419-fbe1fcb7ccf1,exercise.ac,premium,,,98,15,8,,,
2b5954ff-e8d9-418c-980e-abb751e5fb0c,exercise.academy,premium,,,98,15,8,,,
46cad509-dece-4ac4-9830-824fd888a415,exercise.accountant,premium,,,98,15,8,,,
7f44b4e5-cbe7-4a22-8993-f2712134f013,exercise.accountants,premium,,,98,15,8,,,
03686f0b-1a20-459a-8a9c-35a15bf1d4a3,exercise.actor,premium,,,98,15,8,,,
99272192-04c7-4c14-aaf5-e537328b73ea,exercise.adult,premium,,,98,15,8,,,
6c3825fa-db58-42d2-8329-4c0d66315f3b,exercise.ag,premium,,,98,15,8,,,
ab53bc00-1846-40e8-90db-96ffaeb91a6d,exercise.airforce,premium,,,98,15,8,,,
92c5af4a-a17c-41ed-beac-62294726c6e2,exercise.apartments,premium,,,98,15,8,,,
c7786f91-6d54-4955-8402-d3b9e9ea7f46,exercise.app,premium,998.75,998.75,98,15,8,name.com,,
57da44ad-54ca-49f1-ae6e-d7efd1411b1a,exercise.archi,premium,,,98,15,8,,,
0001cca6-062a-4360-a266-d7f2ab642aed,exercise.army,premium,,,98,15,8,,,
73866ff2-fb34-4497-b597-ce3aa0385ae2,exercise.art,premium,,,98,15,8,,,
c8b612c8-bce6-48f6-a3eb-9a0820525ab0,exercise.associates,premium,,,98,15,8,,,
6332c3b0-ce6a-45d4-89fe-485981b4252a,exercise.at,resell,,,98,15,8,EWBCD GmbH ( https://nic.at/registrar/750 ),,
bc51e2c8-eb7a-4315-b505-594d89d87d34,exercise.attorney,premium,,,98,15,8,,,
c9071c44-a958-4caa-a018-38e55df51f78,exercise.auction,premium,,,98,15,8,,,
0b17cf73-59a7-44b6-80e5-4d140fe953a1,exercise.audio,premium,,,98,15,8,,,
fe3a95de-d275-4e02-9e94-3237775bb5bc,exercise.auto,premium,,,98,15,8,,,
79f57934-fc07-4790-9c12-cfde88ad1896,exercise.autos,premium,,,98,15,8,,,
384b3281-2e85-4a7f-85a2-461e1d964da2,exercise.baby,premium,,,98,15,8,,,
4e89e1e3-4aad-45e1-8812-49161df55955,exercise.band,premium,,,98,15,8,,,
6c3e485e-fa9f-4ffd-be22-350bfc56e7a1,exercise.bar,premium,,,98,15,8,,,
7958c71b-fc34-49d6-a7ec-13e0b22c393e,exercise.bargains,premium,,,98,15,8,,,
f9ff86a3-34fe-4c3c-bdf8-db9edc0a7bb5,exercise.bayern,premium,,,98,15,8,,,
22af7265-98bc-4588-8ded-33165f8b4667,exercise.beer,premium,,,98,15,8,,,
33197c27-a7cc-48fc-ba78-52ee00bc637d,exercise.berlin,premium,,,98,15,8,,,
6c5eeb7d-8ead-42da-9b55-2a170a5d1109,exercise.bid,premium,,,98,15,8,,,
3453b54d-6fda-4792-9678-424ea8471696,exercise.bingo,premium,,,98,15,8,,,
ad6ede66-2ee4-4e19-bc84-db0075be20a2,exercise.black,premium,,,98,15,8,,,
3761ffcf-0cc1-4947-95d7-b2e69d682b1e,exercise.blackfriday,premium,,,98,15,8,,,
aa4d37db-2cdb-4c43-b713-d809ad4ec68d,exercise.blog,premium,,,98,15,8,,,
89873181-4f0d-445e-b592-9f71e123f093,exercise.blue,premium,,,98,15,8,,,
51b5b191-afcf-4431-ba8e-f0d785ee3cf8,exercise.boats,premium,,,98,15,8,,,
8587b989-d6e5-48e4-a250-ecf5874f0b17,exercise.boo,premium,,,98,15,8,,,
b6ceeb5d-275a-42fa-968e-678a76c8221b,exercise.boston,premium,,,98,15,8,,,
84cfb764-7af4-47ea-924a-8a6a793dbc80,exercise.boutique,premium,,,98,15,8,,,
e7fe276c-9a75-410d-a1f7-d8f2c903f7eb,exercise.build,premium,,,98,15,8,,,
f8926521-1798-4543-a49a-2499d18df7df,exercise.builders,premium,,,98,15,8,,,
f54b2d58-0312-4d2a-97da-9840dbbc42af,exercise.buzz,premium,,,98,15,8,,,
48b74626-10bd-4bb1-b7aa-3af0641a8074,exercise.bz,premium,,,98,15,8,,,
41cf7faa-352d-458f-b67e-c8f958387639,exercise.cab,premium,,,98,15,8,,,
77464083-f7a0-431d-a811-7e045e5fe299,exercise.cam,resell,,,98,15,8,"Spaceship, Inc.",18/10/2025 11:18,18/10/2026 23:59
19c13ea0-1812-4666-9c03-5e8c4bb97330,exercise.camera,premium,,,98,15,8,,,
8fb9f402-d607-4995-b969-e59f61b9fd35,exercise.capital,premium,,,98,15,8,,,
26ad2263-c670-45a5-8a80-c14ded3c7571,exercise.car,premium,,,98,15,8,,,
4063627a-481c-4814-aa79-76fb6ea90349,exercise.cards,premium,,,98,15,8,,,
98b1e262-c062-480d-87ad-cc25ab531456,exercise.care,premium,,,98,15,8,,,
5a6239d3-cb52-47b2-9d04-5ca0b66c2dba,exercise.careers,premium,,,98,15,8,,,
6cff1c19-12fd-4c3a-aba3-e5f4d0d6b8a5,exercise.cars,premium,,,98,15,8,,,
d7a364ec-2d34-4549-8835-7da39bca797c,exercise.casa,premium,,,98,15,8,,,
4c3aad2f-44cb-4aa2-bf85-5b9a25645636,exercise.casino,premium,,,98,15,8,,,
1ae0d89d-4628-416c-9a3f-4f8d4233bdbe,exercise.catering,premium,,,98,15,8,,,
7eeab991-67d6-4e19-916e-282defcdf802,exercise.cc,resell,,,98,15,8,"GoDaddy.com, LLC",18/06/2006 08:52,18/06/2026 08:52
02540af5-d544-457e-b2cf-5f3fa8410b32,exercise.ceo,premium,,,98,15,8,,,
b69f6752-6803-4faa-a638-b229a502dc03,exercise.cfd,premium,,,98,15,8,,,
d3d35d88-fe68-4a49-b0a7-561f43143335,exercise.charity,premium,,,98,15,8,,,
07ac048e-3d4b-406c-a023-928a2ec26ba1,exercise.cheap,premium,,,98,15,8,,,
79cf04f1-1d18-464f-9e86-c2a49bfc13ff,exercise.christmas,premium,,,98,15,8,,,
edbd8ba6-6c8c-4168-9457-c35ddeb8d517,exercise.church,premium,,,98,15,8,,,
0e3b439f-d9ae-47db-ac82-2971b51dbabd,exercise.city,premium,,,98,15,8,,,
df635e73-ae42-4315-8395-69c4108e5110,exercise.claims,premium,,,98,15,8,,,
1cbb7007-2596-4e03-9a6b-65d3b1163acc,exercise.cleaning,premium,,,98,15,8,,,
c32751af-5a23-4219-9d03-43d0eabf6d1b,exercise.clinic,premium,,,98,15,8,,,
c4f29b0a-4a50-4136-8bda-90dd714508e2,exercise.clothing,premium,,,98,15,8,,,
aaac2bba-7cc6-4725-bd9f-d63058d4f046,exercise.cloud,resell,,,98,15,8,"Name.com, Inc.",16/02/2016 15:00,16/02/2027 15:00
fa05846a-4d38-4acf-a134-3e7f3e83399b,exercise.club,resell,,,98,15,8,"GoDaddy.com, LLC",19/07/2019 21:53,19/07/2026 21:53
d5fd24e8-3f67-4e40-ba7a-18323697d2d8,exercise.coach,premium,,,98,15,8,,,
e97fe8a9-8550-462e-a4e2-1d5d4dee164a,exercise.codes,premium,,,98,15,8,,,
9c3768b0-325b-4498-be07-b12adfde0aaa,exercise.coffee,premium,,,98,15,8,,,
c12007c2-793b-40ba-91b2-474888c8a4a8,exercise.college,premium,,,98,15,8,,,
43b6fc58-89db-414f-9727-c5444c34c770,exercise.community,resell,,,98,15,8,"Global Domains International, Inc. DBA DomainCostClub.com",23/08/2022 10:17,23/08/2026 10:17
d0827ce4-90a5-499d-80b5-bb131f809b37,exercise.company,premium,,,98,15,8,,,
81daf0b9-7268-42fc-a18a-5c30769f038b,exercise.computer,premium,,,98,15,8,,,
bebbd64a-92b2-4706-a656-e2ab06992d5c,exercise.condos,premium,,,98,15,8,,,
a5bd2695-469c-46c4-a7d1-e82f78af9535,exercise.construction,premium,,,98,15,8,,,
558d6cba-510b-407c-b220-e797f1ff4b5c,exercise.consulting,premium,,,98,15,8,,,
b0c22400-2c1e-4b18-8480-6e37bc22f384,exercise.contact,premium,,,98,15,8,,,
8c9da001-6a8a-475b-8a35-5344ceb06f55,exercise.contractors,premium,,,98,15,8,,,
58b9ab59-4841-4f33-a0ab-7c68bcb86315,exercise.cooking,premium,,,98,15,8,,,
05d002e4-a98b-4b30-a1ef-1ab4363fcadf,exercise.country,premium,,,98,15,8,,,
2243ed32-59bc-4ff9-a25f-e0ce11c61ba6,exercise.coupons,premium,,,98,15,8,,,
cab28823-c4ec-43e2-bc5d-05413b8afe50,exercise.courses,premium,,,98,15,8,,,
b05d1251-5b6b-468b-9ccc-6468bff3bd22,exercise.credit,premium,,,98,15,8,,,
a6f76376-fb5e-40db-b452-80452a1670ac,exercise.creditcard,premium,,,98,15,8,,,
4530eeaa-1b64-4401-a06f-fbdc19addb49,exercise.cricket,premium,,,98,15,8,,,
1391b597-f5e5-4c27-9a5c-3ce29c97e2e2,exercise.cruises,premium,,,98,15,8,,,
40ffb244-7121-4ce5-9765-dbdfc9da5039,exercise.cv,premium,,,98,15,8,,,
e6be57a2-4e9c-43d9-9afa-7ab165a35404,exercise.cx,premium,,,98,15,8,,,
cdf97d27-898b-406e-8a55-296ada87c26e,exercise.dad,premium,,,98,15,8,,,
a8d1b506-43e2-448c-b4c9-b96d46a20ac3,exercise.dance,premium,,,98,15,8,,,
97a10c1c-39aa-42b9-8f72-55c5e79b0ae3,exercise.date,premium,,,98,15,8,,,
18904b49-3d4d-4052-b440-6146706ec6ac,exercise.dating,premium,,,98,15,8,,,
df398cef-cc4d-40d0-bce8-6e9579cbc8dd,exercise.day,premium,,,98,15,8,,,
0430925e-5f61-43e5-b6e8-21873e853a91,exercise.deal,premium,,,98,15,8,,,
b31fc816-5ff2-4b48-ab2f-1572d0162c11,exercise.dealer,premium,,,98,15,8,,,
58d81cf9-c7f5-4151-adbe-24feace4ffe7,exercise.deals,premium,,,98,15,8,,,
738f21e3-82c0-43b1-b79a-827eabcb7994,exercise.degree,premium,,,98,15,8,,,
20d8e587-a62d-4b62-bbcd-cd1f096e88bb,exercise.delivery,premium,,,98,15,8,,,
cc1e5b0f-cc8f-4a27-bd4f-533885f1fb0f,exercise.democrat,premium,,,98,15,8,,,
0b74b436-1a4e-4daa-b4f5-f98815c138f9,exercise.dental,premium,,,98,15,8,,,
33d6a40b-bb81-4b78-89f5-9fe193d21bfe,exercise.dentist,premium,,,98,15,8,,,
98a74ffd-4932-400a-aa5e-f3a8b69a31bc,exercise.design,premium,,,98,15,8,,,
79b91083-1911-41a8-ae8f-89e5a786ca17,exercise.dev,premium,411.25,411.25,98,15,8,name.com,,
4a6ca3ad-a947-43a0-8b3e-749aa4297085,exercise.diamonds,premium,,,98,15,8,,,
4dd1a9a7-6146-4031-9e1c-d1ddf9b5f77a,exercise.diet,premium,,,98,15,8,,,
f38c9ae3-807f-48f6-9122-5d7ccdcf566a,exercise.digital,resell,,,98,15,8,"GoDaddy.com, LLC",14/02/2024 22:45,14/02/2027 22:45
84afff15-645e-49e3-882b-70a18451e661,exercise.direct,premium,,,98,15,8,,,
c8eb5fa5-da11-4c33-b6a4-2159eef1a57d,exercise.discount,premium,,,98,15,8,,,
aa5c2e83-2320-4988-a145-c6465fb8cc2f,exercise.domains,premium,,,98,15,8,,,
2fc385de-26ae-4c4c-b73a-7fedcc35280b,exercise.download,premium,,,98,15,8,,,
e507db63-fa2c-49b5-bb8d-5e50a6ddba54,exercise.energy,premium,,,98,15,8,,,
a673c1f8-cc93-4178-8922-5dc48c32f2a7,exercise.engineer,premium,,,98,15,8,,,
39c27d97-be80-4e88-b2b4-fb9e5b31d94d,exercise.engineering,premium,,,98,15,8,,,
619f2340-4495-43eb-b30a-02b36151d926,exercise.enterprises,premium,,,98,15,8,,,
d1442d25-8fae-44f2-aea3-19a23640e3b9,exercise.equipment,resell,,,98,15,8,1API GmbH,07/08/2015 16:00,07/08/2026 16:00
8b8f8d7c-19bd-4f6a-afe2-4cf63776ad71,exercise.esq,premium,,,98,15,8,,,
a1ba5dff-3f35-47d9-a0eb-13a4d8a9e1e3,exercise.estate,premium,,,98,15,8,,,
4c74ff9e-fb6f-401e-9f62-42c53a07768e,exercise.events,premium,,,98,15,8,,,
8e684d07-d7a9-4710-bdd8-bba2dd3601db,exercise.exchange,premium,,,98,15,8,,,
df3cab80-6df4-4d92-8307-805a507aeefd,exercise.expert,premium,520,520,98,15,8,namecheap,,
ac293243-625f-44d3-994e-8d45f9f8ecc4,exercise.exposed,premium,,,98,15,8,,,
2d8d9067-42f7-442f-b8b6-dac765094a34,exercise.express,premium,,,98,15,8,,,
3b2517f2-eca4-4afb-983e-e585093db22e,exercise.fail,premium,,,98,15,8,,,
69ffd061-5251-4082-9f8a-dcfd0c7b2de9,exercise.faith,premium,,,98,15,8,,,
553825a1-1de8-4de1-84d3-9896cbfcc42e,exercise.family,premium,,,98,15,8,,,
0e603765-a50b-49b0-9112-47b8e5aeb24f,exercise.fan,premium,,,98,15,8,,,
9a3d880a-ced3-43ac-a672-a707de75672b,exercise.fans,premium,,,98,15,8,,,
4d4a1361-31de-44d8-8ddf-04ac1334d97e,exercise.farm,premium,,,98,15,8,,,
22b70fa1-58d2-48fb-adbb-ed2f9ad61257,exercise.fashion,resell,,,98,15,8,"GoDaddy.com, LLC",16/01/2019 16:51,16/01/2027 16:51
c08a4698-3164-4e3a-b9a5-e010c1cc7aef,exercise.fast,premium,,,98,15,8,,,
f47dc445-a9f7-4a93-8a9d-cc45bd458ab3,exercise.feedback,premium,,,98,15,8,,,
7d289a3e-84c3-4bb6-bf6e-ba474558a494,exercise.film,premium,,,98,15,8,,,
aa702f67-e08c-470a-97dd-d83401143ddb,exercise.finance,premium,,,98,15,8,,,
c53d32b4-3310-4461-ba8f-f83ea8adda04,exercise.financial,premium,,,98,15,8,,,
d4e2a049-e945-4d65-8ae6-51f50e1baf55,exercise.fish,premium,,,98,15,8,,,
60bbc246-208e-4d4d-976b-83fbcab775ba,exercise.fishing,premium,,,98,15,8,,,
21c5b035-bb8c-4cd3-80b4-66177c6ca05e,exercise.fitness,premium,,,98,15,8,,,
c6fb90ae-3d73-48f0-acea-bd16d06043b1,exercise.flights,premium,,,98,15,8,,,
4870b76e-4c6b-4452-a8ef-332906183e08,exercise.florist,premium,,,98,15,8,,,
827cd010-c262-4000-b652-e91c368054ac,exercise.flowers,premium,,,98,15,8,,,
ffc6858f-42b9-4385-897a-dfbabbd2783f,exercise.fm,premium,,,98,15,8,,,
ddfd0691-1b1c-4f15-92d3-2c039317a60a,exercise.foo,premium,,,98,15,8,,,
00e0f3bb-2de5-45b7-941f-bfdc02f62d2e,exercise.food,premium,,,98,15,8,,,
4bc4e087-94a6-4dd8-b53e-f9b33010756c,exercise.football,premium,,,98,15,8,,,
40da4e5e-9442-4ec8-a877-08fb69ae2011,exercise.forsale,premium,,,98,15,8,,,
48b0f29a-c68a-4b60-9225-64190d8c0033,exercise.forum,premium,,,98,15,8,,,
247e7732-1dcb-4df8-8973-75373182907d,exercise.foundation,premium,,,98,15,8,,,
85a1a5de-d9a9-4670-bcd1-7180b9089342,exercise.free,premium,,,98,15,8,,,
94aee816-72f8-467f-801d-6628be905077,exercise.fun,premium,,,98,15,8,,,
5c07bb4b-a972-4800-8b9d-66609469a8c8,exercise.fund,premium,,,98,15,8,,,
757f31e8-4b99-4358-a30e-3f9d1cea1543,exercise.furniture,premium,,,98,15,8,,,
68fbe95f-ae4b-4c48-80ab-f717085bdcc0,exercise.futbol,premium,,,98,15,8,,,
b4c3165f-0947-416c-96bf-faeaeb5cdbf4,exercise.fyi,premium,,,98,15,8,,,
180f917e-9447-40fd-a0d7-322a594b7fe4,exercise.gallery,premium,,,98,15,8,,,
b191dc54-7d98-42de-8005-5970059fbf66,exercise.game,premium,,,98,15,8,,,
72dcd5ea-b852-4dfd-984d-d391c5d17625,exercise.games,premium,,,98,15,8,,,
5f31da6b-a511-4609-91cd-6be4d89dc9d2,exercise.gay,premium,,,98,15,8,,,
7d3754a7-2243-4076-bec4-b8c0ce37fac5,exercise.gift,premium,,,98,15,8,,,
89696a4f-bfce-4886-ae11-40f454e4ed56,exercise.gifts,premium,,,98,15,8,,,
b4c18ba9-a917-4d77-9d75-7a34b9c8af2b,exercise.gives,premium,,,98,15,8,,,
ad0230b2-1388-49d3-9c52-47a8699736c7,exercise.giving,premium,,,98,15,8,,,
33ab53ec-5258-4ca5-acf5-1de6abe90b07,exercise.glass,premium,,,98,15,8,,,
dfa771cc-ed59-4f0b-8c06-4bc9a0cfebe1,exercise.global,premium,,,98,15,8,,,
6c16c4f8-6b80-46d2-af34-4592f6a13261,exercise.gmbh,premium,,,98,15,8,,,
5af9c936-4058-483d-af10-f548f52dbaaf,exercise.golf,premium,,,98,15,8,,,
b7429323-8c57-4b44-b27c-ac7a7144e55f,exercise.graphics,premium,,,98,15,8,,,
6b5fa449-839f-44ec-afbb-822d232fb22f,exercise.gratis,premium,,,98,15,8,,,
4957e6bf-d0b5-447f-a53a-d9d0c885d510,exercise.green,premium,,,98,15,8,,,
c8736a21-ccfe-4109-a876-a59f5f869d25,exercise.gripe,premium,,,98,15,8,,,
f4b9d199-3d84-4a86-bd7c-9341b15435fe,exercise.guitars,premium,,,98,15,8,,,
39c3d785-a1f7-4807-9a05-8e334ffdd731,exercise.guru,premium,,,98,15,8,,,
aa9e074a-828e-4cbb-bc85-84ce20cc5098,exercise.hair,premium,,,98,15,8,,,
3ab7406b-eb24-4a2d-ad03-b50a5c8e77f9,exercise.haus,premium,,,98,15,8,,,
08ac07f0-8131-445b-a233-4cf43803c676,exercise.health,resell,,,98,15,8,"GoDaddy.com, LLC",07/11/2023 21:18,07/11/2026 21:18
b09c7925-169f-43df-a6c6-ec77514ffc2f,exercise.hiv,premium,,,98,15,8,,,
07f205c5-318d-47cb-9396-e964f76c3295,exercise.hockey,premium,,,98,15,8,,,
5063ef35-8f82-4b44-9ae5-760afbcc1330,exercise.holdings,premium,,,98,15,8,,,
910d4f58-e223-4623-91a3-b71ea9273535,exercise.holiday,premium,,,98,15,8,,,
88e41a61-f8c9-4348-b69e-9f54a96df90f,exercise.homes,premium,,,98,15,8,,,
ecaf8ccb-1e55-44c7-803f-578f25e4ccc0,exercise.horse,premium,,,98,15,8,,,
38206470-2210-42e4-98d6-40c837efb204,exercise.hospital,premium,,,98,15,8,,,
60006c4a-9215-4dea-b15d-9d5b33eacaaf,exercise.host,premium,,,98,15,8,,,
078592c5-305b-40d5-ad1b-266bbb3b43c2,exercise.hosting,premium,,,98,15,8,,,
50d36ed2-711b-4af2-9c8e-55532508de81,exercise.hot,premium,,,98,15,8,,,
f3f9547f-9947-47b4-adb2-0e93cf54babd,exercise.how,premium,,,98,15,8,,,
5a837576-30fe-4a53-83ab-d69b6d1a18b5,exercise.icu,premium,,,98,15,8,,,
fbf8f16c-85d2-441e-b352-9a295442a63d,exercise.id,premium,,,98,15,8,,,
e4772899-09a6-4377-b472-a587d0bbafca,exercise.immo,premium,,,98,15,8,,,
e16c7395-5393-4d43-bda2-d78abcd95b55,exercise.immobilien,premium,,,98,15,8,,,
65b07047-b3e3-46de-9e18-8915802d145e,exercise.inc,premium,,,98,15,8,,,
bc7856a9-7007-4767-ae06-59c6c452fde9,exercise.industries,premium,,,98,15,8,,,
26f2a0aa-b954-4617-af10-05fa26bd6aec,exercise.ing,premium,,,98,15,8,,,
aa2cc7f1-7b93-4930-bae3-8de265d752a9,exercise.ink,premium,,,98,15,8,,,
a12a9952-d8d7-4777-8e70-61856250c36a,exercise.institute,premium,,,98,15,8,,,
f7672c69-f7ef-47ce-91bf-bc741a83ea25,exercise.insure,premium,,,98,15,8,,,
a01240d3-9fd7-4a91-9e06-c6ab6c9dd9de,exercise.international,premium,,,98,15,8,,,
f7a189d7-8ec2-49bf-9f7e-763124439e25,exercise.investments,premium,,,98,15,8,,,
db540ae9-af24-4c18-b0f5-5c30dae4e136,exercise.irish,premium,,,98,15,8,,,
423bd56d-0b41-4cc2-aa9c-553ffe900788,exercise.it,resell,,,98,15,8,,29/10/2009 17:56,29/10/2026 00:00
800c0bfb-fed4-4b0d-a3f3-d8420515994c,exercise.jetzt,premium,,,98,15,8,,,
b312a331-d582-4ca2-9794-d6acfb500ff7,exercise.jewelry,premium,,,98,15,8,,,
d4fb7563-2a4c-4489-ae48-b538efb274a7,exercise.juegos,premium,,,98,15,8,,,
d573fdfc-501b-433c-8ffa-0cdcf5386ed1,exercise.kaufen,premium,,,98,15,8,,,
595b715f-65ce-45c6-9189-ed72c0218eff,exercise.kids,premium,,,98,15,8,,,
d2a1da2f-89c7-4ce5-a2a5-9d464cc4518f,exercise.kim,premium,,,98,15,8,,,
673c2585-d020-4b40-9223-6f574ceaad30,exercise.kitchen,premium,,,98,15,8,,,
00b57188-5da5-4219-9a7f-516f1a863afe,exercise.land,premium,,,98,15,8,,,
a5912d79-36a5-49f0-a062-a763b967dca1,exercise.lat,premium,,,98,15,8,,,
d22283dc-2668-4796-ba47-984b72e67102,exercise.law,premium,,,98,15,8,,,
17bfb1b6-e4ec-420d-a525-ac87b53209c1,exercise.lawyer,premium,,,98,15,8,,,
156749d3-5c41-42d3-8c1c-0abe15faee40,exercise.lease,premium,,,98,15,8,,,
c00ae5cf-2ff2-4116-9b38-ad0c7a429f6b,exercise.legal,premium,,,98,15,8,,,
de543927-6aa8-4eec-a74c-1a7fb555c58c,exercise.lgbt,premium,,,98,15,8,,,
5d564b21-e435-497e-9fc5-3069ca0921bd,exercise.life,resell,,,98,15,8,"Spaceship, Inc.",18/09/2024 15:15,18/09/2026 15:15
802c0a7e-278a-4968-b9cd-814ca756e00f,exercise.lifestyle,premium,,,98,15,8,,,
0d6c5592-994a-4746-a9c7-1a4a8e12b3eb,exercise.lighting,premium,,,98,15,8,,,
58ff53ea-4dd2-472c-b92a-3353bffdf661,exercise.limited,premium,,,98,15,8,,,
61197f06-a563-4db1-8566-6732420b387b,exercise.limo,premium,,,98,15,8,,,
14d1a490-946a-4238-b756-66d92f6270c2,exercise.link,premium,,,98,15,8,,,
d601633e-5d7e-4c12-a587-ecc3352cf0bd,exercise.living,premium,,,98,15,8,,,
0964bd2d-4c2c-495a-af29-143a286f27ac,exercise.llc,premium,,,98,15,8,,,
f80c0035-320f-4075-88b0-5f68eefac790,exercise.loan,premium,,,98,15,8,,,
3f588124-3def-435a-90e6-343d2d5feb83,exercise.loans,premium,,,98,15,8,,,
6719a154-f72e-4f7a-95d0-4a33d82d62ae,exercise.locker,premium,,,98,15,8,,,
50ed5572-ebba-4ac6-8bd4-7d55dee27c78,exercise.london,premium,,,98,15,8,,,
d27d56ef-98ee-4b7e-b577-34867a904d81,exercise.love,premium,,,98,15,8,,,
11cde0c7-727b-4af5-b691-9209fa2e6f0e,exercise.ltd,premium,,,98,15,8,,,
36e4cbd8-0fdc-4d8d-b046-84340430891c,exercise.ltda,premium,,,98,15,8,,,
9f286e37-aa38-4a6c-8a42-81c367f84a4f,exercise.luxe,premium,,,98,15,8,,,
27dba2df-f318-4bb6-b222-c1d442ccb6c0,exercise.luxury,premium,,,98,15,8,,,
1245fe20-532f-487c-a5cd-6c2f2357c413,exercise.maison,premium,,,98,15,8,,,
ee3150d1-68f2-4645-9893-27766db5336a,exercise.makeup,premium,,,98,15,8,,,
338afa5f-4013-4a8a-87c2-031cb1591267,exercise.management,premium,,,98,15,8,,,
85ffb7c0-ba90-450a-8d51-44702bfe1559,exercise.market,premium,,,98,15,8,,,
6eb74022-43fe-4898-bf21-1f4475bc377b,exercise.marketing,premium,,,98,15,8,,,
dd5882b8-4a19-4be0-b89f-27594b363bf1,exercise.mba,premium,,,98,15,8,,,
64f6d752-c938-41e9-a011-bb9c838a615c,exercise.media,premium,,,98,15,8,,,
2e361ed9-2eff-4dc6-89d1-0f21f522191e,exercise.melbourne,premium,,,98,15,8,,,
b387f6d8-a602-465a-88cb-0c36b7833b27,exercise.meme,premium,,,98,15,8,,,
9e85a0f3-46b3-4fb7-a513-2a2a44c23d0e,exercise.memorial,premium,,,98,15,8,,,
79916f5e-0460-4907-be5f-5d09d879f520,exercise.men,resell,,,98,15,8,Dynadot Inc,05/06/2017 22:21,05/06/2027 22:21
7c9b4671-7b48-4d16-92bb-d20bd5e10c93,exercise.miami,premium,,,98,15,8,,,
464abb2e-b4cd-48f5-ad48-35d84c7b77fb,exercise.moda,premium,,,98,15,8,,,
a579c82c-3de7-4e36-9d83-3c4a6649aeba,exercise.moe,premium,,,98,15,8,,,
9f66d1c8-0607-4875-8682-3abd0c655295,exercise.money,premium,,,98,15,8,,,
419f097e-6fd1-4735-9733-8a8983a15d0b,exercise.mortgage,premium,,,98,15,8,,,
1aa43054-c880-490f-b634-88e0d596ec66,exercise.motorcycles,premium,,,98,15,8,,,
093f7b9c-8e3e-4a21-90a8-ebddc88c0270,exercise.mov,premium,,,98,15,8,,,
fa1e2115-1c75-47b6-80a7-b2dbdc585d71,exercise.movie,premium,,,98,15,8,,,
867a33e5-28a6-4f60-a6bb-2a74a2357159,exercise.mx,premium,,,98,15,8,,,
ffd4514d-121b-490b-8b6e-485dd067b027,exercise.my,premium,,,98,15,8,,,
6df668c3-47ce-4150-ab63-4f319219f05d,exercise.name,premium,,,98,15,8,,,
95cc0e8e-3c24-4c2c-b7e2-ea2e8a91a308,exercise.navy,premium,,,98,15,8,,,
37030087-b055-40b4-ac52-2e74348cf2a1,exercise.net,resell,,,98,15,8,"GoDaddy.com, LLC",05/01/1999 05:00,05/01/2027 05:00
523134cd-dcf7-4a4b-8ada-20d3c3517923,exercise.network,resell,,,98,15,8,"Global Domains International, Inc. DBA DomainCostClub.com",10/12/2014 18:41,10/12/2026 18:41
804677cb-3b0a-41f9-a9f7-3e3d6eef37c3,exercise.news,premium,,,98,15,8,,,
a6fdeb3e-068c-4903-bf46-b127afa56bcf,exercise.nexus,premium,,,98,15,8,,,
ed2f3d8c-1873-4873-bafb-ce98d593ac1e,exercise.ngo,premium,,,98,15,8,,,
c7cc71fa-1bb8-40e2-b21e-51f4cfad966e,exercise.ninja,available,42.98,,98,15,8,namecheap,,
72ce4bc5-44d1-4865-ae7d-bc2638529543,exercise.now,resell,,,98,15,8,Porkbun LLC,08/09/2025 23:36,08/09/2026 23:36
565eac3d-601b-4102-8f97-e29c6e10e1bb,exercise.nyc,premium,,,98,15,8,,,
9ed0ba00-216a-4345-9da8-05153b04f1b7,exercise.observer,premium,,,98,15,8,,,
1a4fef3c-4363-4f78-9826-62c5f5a9a6f8,exercise.one,premium,,,98,15,8,,,
1cb94173-066c-43a3-b338-7bd2b0caa583,exercise.ong,premium,,,98,15,8,,,
df37fc62-3e2e-45ff-948a-d07e1752fe82,exercise.onl,premium,,,98,15,8,,,
34707124-8b22-44b7-a581-19276c8fb321,exercise.online,premium,781.25,3125,98,15,8,name.com,,
79c29c7e-df33-4231-9040-d1ace98ec492,exercise.ooo,premium,,,98,15,8,,,
126b99e9-7a39-4ef6-9193-20bce6c6a716,exercise.organic,premium,,,98,15,8,,,
a2ef0c24-20ab-49d0-8d99-f69161ce1a9b,exercise.page,premium,,,98,15,8,,,
e6d9b87e-c83a-4f42-b775-4322e9b486ea,exercise.partners,premium,,,98,15,8,,,
67fff46d-5254-464b-a512-8c5a09503eea,exercise.parts,premium,,,98,15,8,,,
2a1813e9-85d9-4560-8868-59db93676b7b,exercise.party,premium,,,98,15,8,,,
0282435c-5009-4eb5-9eda-cee0f9d80b89,exercise.pet,premium,,,98,15,8,,,
0b3c2d99-f9ce-4666-b02e-7bec9392227f,exercise.phd,premium,,,98,15,8,,,
fd9c2482-becc-43d2-9dca-15847a9d9951,exercise.photo,premium,,,98,15,8,,,
45b1b5bf-2970-46ae-9664-1ae33e9f586a,exercise.photography,premium,,,98,15,8,,,
7e1268c4-ab71-4d5b-afc2-6137ffb4ddc1,exercise.photos,premium,,,98,15,8,,,
34e9f354-f479-44ce-a4a2-75452b485810,exercise.pics,premium,,,98,15,8,,,
5365d8c6-93e1-47a1-b3a0-90c3d31d2d6e,exercise.pictures,premium,,,98,15,8,,,
89407b92-07ed-4223-8cc9-d348e074ed96,exercise.pink,premium,,,98,15,8,,,
58b5cc36-5f98-4259-9060-5305e79e937f,exercise.pizza,premium,,,98,15,8,,,
4aaca866-d20f-4c2c-bfe1-bc40f47b32ae,exercise.place,premium,,,98,15,8,,,
a1f748d2-722b-4e54-b7e0-f4bb0dd0d46d,exercise.plumbing,premium,,,98,15,8,,,
f548558f-8bca-470e-89e4-1ed77fde3622,exercise.poker,premium,,,98,15,8,,,
7bf5d5c4-b27c-4142-9f57-6887ce5a7cbc,exercise.porn,premium,,,98,15,8,,,
feeae056-e3cb-4c4e-8bfe-bce4a99ff52c,exercise.press,premium,,,98,15,8,,,
1d5ee179-1d9f-4cda-a312-80ca7775278c,exercise.productions,premium,,,98,15,8,,,
3e3bcc83-fa8f-42d4-9423-bba01cbe05a9,exercise.prof,premium,,,98,15,8,,,
59c56a5b-9006-40e8-bd3a-5f2193989624,exercise.promo,premium,,,98,15,8,,,
334a76f3-7d4f-45c6-87e4-f9cff624e674,exercise.properties,premium,,,98,15,8,,,
9e8a1972-75db-4b15-8bd9-04920b522bfd,exercise.protection,premium,,,98,15,8,,,
f89b19f1-6ab5-4e50-8d3a-ba40fe4a6fba,exercise.pub,premium,,,98,15,8,,,
2df51e4f-9175-47ce-af08-691cfa0b1ffa,exercise.pw,premium,,,98,15,8,,,
981202b4-1deb-4e44-b079-f1ef140dfd8f,exercise.qpon,premium,,,98,15,8,,,
83d7e728-9710-477b-b5c9-af08356bf4d8,exercise.racing,premium,,,98,15,8,,,
a955e6bc-7063-4a9b-a613-8847f1275a61,exercise.realty,premium,,,98,15,8,,,
80600498-f029-44d2-8fe8-1ca662d5cfcb,exercise.recipes,premium,,,98,15,8,,,
1a36ccd0-1717-47df-92aa-29744f0dce95,exercise.rehab,premium,,,98,15,8,,,
3cb952c4-f425-4cc6-a9fc-635cdf6620cb,exercise.reise,premium,,,98,15,8,,,
21544024-2e45-4d9a-8918-ff1c24bf2c72,exercise.reisen,premium,,,98,15,8,,,
fe09a41e-6597-4f70-976d-d6f8ce4568a3,exercise.rent,premium,,,98,15,8,,,
c213d0b1-0832-4630-8193-437ed772b37b,exercise.rentals,premium,,,98,15,8,,,
ada544b2-2ce9-4777-b0f8-de171c6ee59f,exercise.repair,premium,,,98,15,8,,,
4386e0ce-eeea-4aee-b8b0-80ad959d3561,exercise.report,premium,,,98,15,8,,,
5b0fb23a-d49f-42b8-ae9d-79542952fa49,exercise.republican,premium,,,98,15,8,,,
d36d497c-c451-4925-95cd-6803ed110820,exercise.restaurant,premium,,,98,15,8,,,
d13091b0-34ed-45bb-be05-54009122c3f7,exercise.review,premium,,,98,15,8,,,
5dac6d1f-2aea-47b6-a995-c9eaefce620f,exercise.reviews,premium,,,98,15,8,,,
f853d4bd-7671-4739-977b-6a9f3a896028,exercise.rich,premium,,,98,15,8,,,
dbc06152-26b3-414b-bd25-1de0cfef7d6c,exercise.rip,premium,,,98,15,8,,,
6bb32cd6-7162-42de-b891-ef7ac890d659,exercise.rocks,premium,,,98,15,8,,,
a68d9156-bd3b-4c7b-acbb-bf66aed6d525,exercise.rodeo,premium,,,98,15,8,,,
a98f774f-04ad-4ebb-afab-03674738a2b9,exercise.rsvp,premium,,,98,15,8,,,
3ce19b96-7522-4234-a78e-45724f5436ae,exercise.run,resell,,,98,15,8,"DNSPod, Inc.",27/06/2019 17:26,27/06/2026 17:26
4e92d824-0b9f-4b9b-9a0a-8b957fbdecb9,exercise.sale,premium,,,98,15,8,,,
9046e6f6-518f-43bf-b0fe-6b70cf1a2d40,exercise.salon,premium,,,98,15,8,,,
b2d469ed-477a-48d5-ae07-eaa14bbc5a0d,exercise.sarl,premium,,,98,15,8,,,
12b231fd-c93d-47a2-a63a-7c2c5c7509db,exercise.sbs,premium,,,98,15,8,,,
de6f7035-124f-4e4f-8995-ce47bc86f074,exercise.schule,premium,,,98,15,8,,,
81b46401-81a8-4ec1-9b0e-55cf672911db,exercise.science,premium,,,98,15,8,,,
082d8fe1-4fb7-4ce1-9949-6bff3427caad,exercise.security,premium,,,98,15,8,,,
c9e2244e-9ed2-42c1-b55b-884e748fb5b5,exercise.services,premium,,,98,15,8,,,
0da8783e-b446-4962-8497-07d73bd5d54b,exercise.sexy,premium,,,98,15,8,,,
14d2982b-1dc2-46f2-b53c-af72dff1cfd3,exercise.shiksha,premium,,,98,15,8,,,
3fc182c7-064f-4160-956f-d1f2c3374c11,exercise.shoes,premium,,,98,15,8,,,
4d1b0f2f-eee4-4454-95b4-be590a12f016,exercise.shopping,premium,,,98,15,8,,,
17ea7e3d-966c-4777-b71e-c3069ca401a7,exercise.show,premium,,,98,15,8,,,
47e6527b-f193-4831-bb01-c6632d341efc,exercise.singles,premium,,,98,15,8,,,
a6c99239-a2bc-44f6-ab74-b83fd382ad78,exercise.site,premium,781.25,3125,98,15,8,name.com,,
95582f49-4273-4ea5-94f7-355a5f04e1bc,exercise.ski,premium,,,98,15,8,,,
9da01d69-0775-4909-99dc-18ca579d55df,exercise.soccer,premium,,,98,15,8,,,
087e267d-9908-4ffa-b719-608cf1e9fb5e,exercise.social,premium,,,98,15,8,,,
48bb527d-6c1d-4c0b-bc0d-db62ae946ac7,exercise.software,premium,,,98,15,8,,,
ae9891dd-27ba-4522-aca1-65d093fb1a74,exercise.solar,premium,,,98,15,8,,,
237d85cf-a605-4c21-ab53-d14adcf35f40,exercise.soy,premium,,,98,15,8,,,
bed000af-a56d-40eb-86fc-0df6d6445d77,exercise.space,premium,1625,6500,98,15,8,namecheap,,
4f8fe0ca-7cb6-43fb-ba32-2da517b23d0d,exercise.spot,premium,,,98,15,8,,,
6cb3a6c4-7d9b-48cc-947f-63042ac0594e,exercise.srl,premium,,,98,15,8,,,
50b5d3a1-30f1-445c-b925-f9a57924c286,exercise.storage,premium,,,98,15,8,,,
b8704b13-5fa2-4c9d-ba11-b72d5bae211f,exercise.store,premium,781.25,3125,98,15,8,name.com,,
c2aeb941-ed2c-4384-94d3-537abdc83fa5,exercise.stream,premium,,,98,15,8,,,
23604e81-ee6d-486d-9541-fbdf726afbe5,exercise.studio,premium,,,98,15,8,,,
83f283c3-43d5-4822-99ea-de7eb3517610,exercise.study,premium,,,98,15,8,,,
018327c2-96f6-40aa-8623-55812251b1b1,exercise.style,resell,,,98,15,8,"Domain.com - Network Solutions, LLC",16/01/2019 17:05,16/01/2027 17:05
3c89ac05-4a4a-486c-957b-1e9940477d03,exercise.sucks,premium,,,98,15,8,,,
e4e50228-5312-435b-be59-f8516ed7442b,exercise.supplies,premium,,,98,15,8,,,
44c696b0-96f0-4888-9640-40c891cb2aac,exercise.supply,premium,,,98,15,8,,,